run_name,run_dir,seed,device,img_size,batch_size,epochs_requested,epochs_executed,learning_rate,optimizer,dropout_fc,weight_decay,use_early_stopping,early_stopping_patience,best_val_acc,best_epoch,final_val_acc,final_val_loss,total_training_time_sec,test_accuracy,test_precision_macro,test_recall_macro,test_f1_macro,best_model_path,metrics_file,experiment_group,run_folder
imagensCNNfase4_2026-04-20_08-29-35_bs16_ep50_lr0.0007_optSGD_df0.7_wd0.0,C:\tcc mesonet\experiments\cnn_baseline\imagensCNNfase4\imagensCNNfase4_2026-04-20_08-29-35_bs16_ep50_lr0.0007_optSGD_df0.7_wd0.0,42,cuda,256,16,50,50,0.0007,SGD,0.7,0.0,False,10,0.98943,46,0.988149,0.032614,2457.5889,0.992318,0.992332,0.992316,0.992317,C:\tcc mesonet\experiments\cnn_baseline\imagensCNNfase4\imagensCNNfase4_2026-04-20_08-29-35_bs16_ep50_lr0.0007_optSGD_df0.7_wd0.0\best_model.pt,C:\tcc mesonet\experiments\cnn_baseline\imagensCNNfase4\imagensCNNfase4_2026-04-20_08-29-35_bs16_ep50_lr0.0007_optSGD_df0.7_wd0.0\metrics.json,imagensCNNfase4,imagensCNNfase4_2026-04-20_08-29-35_bs16_ep50_lr0.0007_optSGD_df0.7_wd0.0
imagensCNNfase3_2026-04-18_11-57-08_bs16_ep150_lr0.0005_optSGD_df0.7_wd0.0,C:\tcc mesonet\experiments\cnn_baseline\imagensCNNfase3\imagensCNNfase3_2026-04-18_11-57-08_bs16_ep150_lr0.0005_optSGD_df0.7_wd0.0,42,cuda,256,16,150,150,0.0005,SGD,0.7,0.0,False,10,0.99007,38,0.986867,0.069467,7302.1619,0.991357,0.991357,0.991357,0.991357,C:\tcc mesonet\experiments\cnn_baseline\imagensCNNfase3\imagensCNNfase3_2026-04-18_11-57-08_bs16_ep150_lr0.0005_optSGD_df0.7_wd0.0\best_model.pt,C:\tcc mesonet\experiments\cnn_baseline\imagensCNNfase3\imagensCNNfase3_2026-04-18_11-57-08_bs16_ep150_lr0.0005_optSGD_df0.7_wd0.0\metrics.json,imagensCNNfase3,imagensCNNfase3_2026-04-18_11-57-08_bs16_ep150_lr0.0005_optSGD_df0.7_wd0.0
imagensCNNfase2_2026-04-17_22-25-40_bs16_ep50_lr0.0005_optSGD_df0.7_wd0.0,C:\tcc mesonet\experiments\cnn_baseline\imagensCNNfase2\imagensCNNfase2_2026-04-17_22-25-40_bs16_ep50_lr0.0005_optSGD_df0.7_wd0.0,42,cuda,256,16,50,50,0.0005,SGD,0.7,0.0,False,10,0.99007,38,0.986867,0.049562,2451.3819,0.991357,0.991357,0.991357,0.991357,C:\tcc mesonet\experiments\cnn_baseline\imagensCNNfase2\imagensCNNfase2_2026-04-17_22-25-40_bs16_ep50_lr0.0005_optSGD_df0.7_wd0.0\best_model.pt,C:\tcc mesonet\experiments\cnn_baseline\imagensCNNfase2\imagensCNNfase2_2026-04-17_22-25-40_bs16_ep50_lr0.0005_optSGD_df0.7_wd0.0\metrics.json,imagensCNNfase2,imagensCNNfase2_2026-04-17_22-25-40_bs16_ep50_lr0.0005_optSGD_df0.7_wd0.0
imagensCNNfase3_2026-04-18_10-35-09_bs16_ep100_lr0.0005_optSGD_df0.7_wd0.0,C:\tcc mesonet\experiments\cnn_baseline\imagensCNNfase3\imagensCNNfase3_2026-04-18_10-35-09_bs16_ep100_lr0.0005_optSGD_df0.7_wd0.0,42,cuda,256,16,100,100,0.0005,SGD,0.7,0.0,False,10,0.99007,38,0.988149,0.046001,4911.4951,0.991357,0.991357,0.991357,0.991357,C:\tcc mesonet\experiments\cnn_baseline\imagensCNNfase3\imagensCNNfase3_2026-04-18_10-35-09_bs16_ep100_lr0.0005_optSGD_df0.7_wd0.0\best_model.pt,C:\tcc mesonet\experiments\cnn_baseline\imagensCNNfase3\imagensCNNfase3_2026-04-18_10-35-09_bs16_ep100_lr0.0005_optSGD_df0.7_wd0.0\metrics.json,imagensCNNfase3,imagensCNNfase3_2026-04-18_10-35-09_bs16_ep100_lr0.0005_optSGD_df0.7_wd0.0
imagensCNNfase3_2026-04-18_16-41-16_bs16_ep250_lr0.0005_optSGD_df0.7_wd0.0,C:\tcc mesonet\experiments\cnn_baseline\imagensCNNfase3\imagensCNNfase3_2026-04-18_16-41-16_bs16_ep250_lr0.0005_optSGD_df0.7_wd0.0,42,cuda,256,16,250,250,0.0005,SGD,0.7,0.0,False,10,0.99007,38,0.986867,0.091065,12232.6184,0.991357,0.991357,0.991357,0.991357,C:\tcc mesonet\experiments\cnn_baseline\imagensCNNfase3\imagensCNNfase3_2026-04-18_16-41-16_bs16_ep250_lr0.0005_optSGD_df0.7_wd0.0\best_model.pt,C:\tcc mesonet\experiments\cnn_baseline\imagensCNNfase3\imagensCNNfase3_2026-04-18_16-41-16_bs16_ep250_lr0.0005_optSGD_df0.7_wd0.0\metrics.json,imagensCNNfase3,imagensCNNfase3_2026-04-18_16-41-16_bs16_ep250_lr0.0005_optSGD_df0.7_wd0.0
imagensCNNfase3_2026-04-18_20-05-15_bs16_ep300_lr0.0005_optSGD_df0.7_wd0.0,C:\tcc mesonet\experiments\cnn_baseline\imagensCNNfase3\imagensCNNfase3_2026-04-18_20-05-15_bs16_ep300_lr0.0005_optSGD_df0.7_wd0.0,42,cuda,256,16,300,300,0.0005,SGD,0.7,0.0,False,10,0.99007,38,0.988149,0.098082,14624.6543,0.991357,0.991357,0.991357,0.991357,C:\tcc mesonet\experiments\cnn_baseline\imagensCNNfase3\imagensCNNfase3_2026-04-18_20-05-15_bs16_ep300_lr0.0005_optSGD_df0.7_wd0.0\best_model.pt,C:\tcc mesonet\experiments\cnn_baseline\imagensCNNfase3\imagensCNNfase3_2026-04-18_20-05-15_bs16_ep300_lr0.0005_optSGD_df0.7_wd0.0\metrics.json,imagensCNNfase3,imagensCNNfase3_2026-04-18_20-05-15_bs16_ep300_lr0.0005_optSGD_df0.7_wd0.0
imagensCNNfase3_2026-04-18_13-58-56_bs16_ep200_lr0.0005_optSGD_df0.7_wd0.0,C:\tcc mesonet\experiments\cnn_baseline\imagensCNNfase3\imagensCNNfase3_2026-04-18_13-58-56_bs16_ep200_lr0.0005_optSGD_df0.7_wd0.0,42,cuda,256,16,200,200,0.0005,SGD,0.7,0.0,False,10,0.99007,38,0.987508,0.081089,9735.1259,0.991357,0.991357,0.991357,0.991357,C:\tcc mesonet\experiments\cnn_baseline\imagensCNNfase3\imagensCNNfase3_2026-04-18_13-58-56_bs16_ep200_lr0.0005_optSGD_df0.7_wd0.0\best_model.pt,C:\tcc mesonet\experiments\cnn_baseline\imagensCNNfase3\imagensCNNfase3_2026-04-18_13-58-56_bs16_ep200_lr0.0005_optSGD_df0.7_wd0.0\metrics.json,imagensCNNfase3,imagensCNNfase3_2026-04-18_13-58-56_bs16_ep200_lr0.0005_optSGD_df0.7_wd0.0
imagensCNNfase4_2026-04-20_04-20-21_bs16_ep50_lr0.0005_optSGD_df0.7_wd0.0,C:\tcc mesonet\experiments\cnn_baseline\imagensCNNfase4\imagensCNNfase4_2026-04-20_04-20-21_bs16_ep50_lr0.0005_optSGD_df0.7_wd0.0,42,cuda,256,16,50,50,0.0005,SGD,0.7,0.0,False,10,0.99007,38,0.986867,0.049562,2474.3282,0.991357,0.991357,0.991357,0.991357,C:\tcc mesonet\experiments\cnn_baseline\imagensCNNfase4\imagensCNNfase4_2026-04-20_04-20-21_bs16_ep50_lr0.0005_optSGD_df0.7_wd0.0\best_model.pt,C:\tcc mesonet\experiments\cnn_baseline\imagensCNNfase4\imagensCNNfase4_2026-04-20_04-20-21_bs16_ep50_lr0.0005_optSGD_df0.7_wd0.0\metrics.json,imagensCNNfase4,imagensCNNfase4_2026-04-20_04-20-21_bs16_ep50_lr0.0005_optSGD_df0.7_wd0.0
imagensCNNfase4_2026-04-20_22-56-25_bs16_ep100_lr0.0005_optSGD_df0.7_wd0.0,C:\tcc mesonet\experiments\cnn_baseline\imagensCNNfase4\imagensCNNfase4_2026-04-20_22-56-25_bs16_ep100_lr0.0005_optSGD_df0.7_wd0.0,42,cuda,256,16,100,100,0.0005,SGD,0.7,0.0,False,10,0.99007,38,0.988149,0.046001,4926.2923,0.991357,0.991357,0.991357,0.991357,C:\tcc mesonet\experiments\cnn_baseline\imagensCNNfase4\imagensCNNfase4_2026-04-20_22-56-25_bs16_ep100_lr0.0005_optSGD_df0.7_wd0.0\best_model.pt,C:\tcc mesonet\experiments\cnn_baseline\imagensCNNfase4\imagensCNNfase4_2026-04-20_22-56-25_bs16_ep100_lr0.0005_optSGD_df0.7_wd0.0\metrics.json,imagensCNNfase4,imagensCNNfase4_2026-04-20_22-56-25_bs16_ep100_lr0.0005_optSGD_df0.7_wd0.0
imagensCNNfase1_1_2026-04-17_15-14-50_bs32_ep50_lr0.0001_optAdam_df0.5_wd0.0001,C:\tcc mesonet\experiments\cnn_baseline\imagensCNNfase1_1\imagensCNNfase1_1_2026-04-17_15-14-50_bs32_ep50_lr0.0001_optAdam_df0.5_wd0.0001,42,cuda,256,32,50,50,0.0001,Adam,0.5,0.0001,False,10,0.98975,21,0.987188,0.045799,2504.7903,0.991037,0.991055,0.991039,0.991037,C:\tcc mesonet\experiments\cnn_baseline\imagensCNNfase1_1\imagensCNNfase1_1_2026-04-17_15-14-50_bs32_ep50_lr0.0001_optAdam_df0.5_wd0.0001\best_model.pt,C:\tcc mesonet\experiments\cnn_baseline\imagensCNNfase1_1\imagensCNNfase1_1_2026-04-17_15-14-50_bs32_ep50_lr0.0001_optAdam_df0.5_wd0.0001\metrics.json,imagensCNNfase1_1,imagensCNNfase1_1_2026-04-17_15-14-50_bs32_ep50_lr0.0001_optAdam_df0.5_wd0.0001
imagensCNNfase4_2026-04-20_07-47-54_bs16_ep50_lr0.0007_optSGD_df0.6_wd5e-05,C:\tcc mesonet\experiments\cnn_baseline\imagensCNNfase4\imagensCNNfase4_2026-04-20_07-47-54_bs16_ep50_lr0.0007_optSGD_df0.6_wd5e-05,42,cuda,256,16,50,50,0.0007,SGD,0.6,5e-05,False,10,0.99007,33,0.987508,0.04205,2495.7448,0.991037,0.991052,0.991035,0.991037,C:\tcc mesonet\experiments\cnn_baseline\imagensCNNfase4\imagensCNNfase4_2026-04-20_07-47-54_bs16_ep50_lr0.0007_optSGD_df0.6_wd5e-05\best_model.pt,C:\tcc mesonet\experiments\cnn_baseline\imagensCNNfase4\imagensCNNfase4_2026-04-20_07-47-54_bs16_ep50_lr0.0007_optSGD_df0.6_wd5e-05\metrics.json,imagensCNNfase4,imagensCNNfase4_2026-04-20_07-47-54_bs16_ep50_lr0.0007_optSGD_df0.6_wd5e-05
imagensCNNfase4_2026-04-20_05-43-20_bs16_ep50_lr0.0005_optSGD_df0.7_wd5e-05,C:\tcc mesonet\experiments\cnn_baseline\imagensCNNfase4\imagensCNNfase4_2026-04-20_05-43-20_bs16_ep50_lr0.0005_optSGD_df0.7_wd5e-05,42,cuda,256,16,50,50,0.0005,SGD,0.7,5e-05,False,10,0.98975,39,0.988469,0.036918,2494.8428,0.991037,0.991092,0.991034,0.991037,C:\tcc mesonet\experiments\cnn_baseline\imagensCNNfase4\imagensCNNfase4_2026-04-20_05-43-20_bs16_ep50_lr0.0005_optSGD_df0.7_wd5e-05\best_model.pt,C:\tcc mesonet\experiments\cnn_baseline\imagensCNNfase4\imagensCNNfase4_2026-04-20_05-43-20_bs16_ep50_lr0.0005_optSGD_df0.7_wd5e-05\metrics.json,imagensCNNfase4,imagensCNNfase4_2026-04-20_05-43-20_bs16_ep50_lr0.0005_optSGD_df0.7_wd5e-05
imagensCNNfase2_2026-04-17_21-44-28_bs16_ep50_lr0.0005_optSGD_df0.5_wd0.0005,C:\tcc mesonet\experiments\cnn_baseline\imagensCNNfase2\imagensCNNfase2_2026-04-17_21-44-28_bs16_ep50_lr0.0005_optSGD_df0.5_wd0.0005,42,cuda,256,16,50,50,0.0005,SGD,0.5,0.0005,False,10,0.98975,20,0.987188,0.039093,2465.4575,0.991037,0.991068,0.991035,0.991037,C:\tcc mesonet\experiments\cnn_baseline\imagensCNNfase2\imagensCNNfase2_2026-04-17_21-44-28_bs16_ep50_lr0.0005_optSGD_df0.5_wd0.0005\best_model.pt,C:\tcc mesonet\experiments\cnn_baseline\imagensCNNfase2\imagensCNNfase2_2026-04-17_21-44-28_bs16_ep50_lr0.0005_optSGD_df0.5_wd0.0005\metrics.json,imagensCNNfase2,imagensCNNfase2_2026-04-17_21-44-28_bs16_ep50_lr0.0005_optSGD_df0.5_wd0.0005
imagensCNNfase4_2026-04-21_04-26-55_bs16_ep100_lr0.0007_optSGD_df0.6_wd1e-05,C:\tcc mesonet\experiments\cnn_baseline\imagensCNNfase4\imagensCNNfase4_2026-04-21_04-26-55_bs16_ep100_lr0.0007_optSGD_df0.6_wd1e-05,42,cuda,256,16,100,100,0.0007,SGD,0.6,1e-05,False,10,0.99007,26,0.986547,0.055065,4977.6612,0.991037,0.991041,0.991036,0.991037,C:\tcc mesonet\experiments\cnn_baseline\imagensCNNfase4\imagensCNNfase4_2026-04-21_04-26-55_bs16_ep100_lr0.0007_optSGD_df0.6_wd1e-05\best_model.pt,C:\tcc mesonet\experiments\cnn_baseline\imagensCNNfase4\imagensCNNfase4_2026-04-21_04-26-55_bs16_ep100_lr0.0007_optSGD_df0.6_wd1e-05\metrics.json,imagensCNNfase4,imagensCNNfase4_2026-04-21_04-26-55_bs16_ep100_lr0.0007_optSGD_df0.6_wd1e-05
imagensCNNfase4_2026-04-21_05-49-59_bs16_ep100_lr0.0007_optSGD_df0.6_wd5e-05,C:\tcc mesonet\experiments\cnn_baseline\imagensCNNfase4\imagensCNNfase4_2026-04-21_05-49-59_bs16_ep100_lr0.0007_optSGD_df0.6_wd5e-05,42,cuda,256,16,100,100,0.0007,SGD,0.6,5e-05,False,10,0.99007,33,0.987508,0.050741,4975.9928,0.991037,0.991052,0.991035,0.991037,C:\tcc mesonet\experiments\cnn_baseline\imagensCNNfase4\imagensCNNfase4_2026-04-21_05-49-59_bs16_ep100_lr0.0007_optSGD_df0.6_wd5e-05\best_model.pt,C:\tcc mesonet\experiments\cnn_baseline\imagensCNNfase4\imagensCNNfase4_2026-04-21_05-49-59_bs16_ep100_lr0.0007_optSGD_df0.6_wd5e-05\metrics.json,imagensCNNfase4,imagensCNNfase4_2026-04-21_05-49-59_bs16_ep100_lr0.0007_optSGD_df0.6_wd5e-05
imagensCNNfase4_2026-04-20_07-06-18_bs16_ep50_lr0.0007_optSGD_df0.6_wd1e-05,C:\tcc mesonet\experiments\cnn_baseline\imagensCNNfase4\imagensCNNfase4_2026-04-20_07-06-18_bs16_ep50_lr0.0007_optSGD_df0.6_wd1e-05,42,cuda,256,16,50,50,0.0007,SGD,0.6,1e-05,False,10,0.99007,26,0.988149,0.033725,2489.6175,0.991037,0.991041,0.991036,0.991037,C:\tcc mesonet\experiments\cnn_baseline\imagensCNNfase4\imagensCNNfase4_2026-04-20_07-06-18_bs16_ep50_lr0.0007_optSGD_df0.6_wd1e-05\best_model.pt,C:\tcc mesonet\experiments\cnn_baseline\imagensCNNfase4\imagensCNNfase4_2026-04-20_07-06-18_bs16_ep50_lr0.0007_optSGD_df0.6_wd1e-05\metrics.json,imagensCNNfase4,imagensCNNfase4_2026-04-20_07-06-18_bs16_ep50_lr0.0007_optSGD_df0.6_wd1e-05
imagensCNNfase4_2026-04-21_01-41-25_bs16_ep100_lr0.0005_optSGD_df0.7_wd5e-05,C:\tcc mesonet\experiments\cnn_baseline\imagensCNNfase4\imagensCNNfase4_2026-04-21_01-41-25_bs16_ep100_lr0.0005_optSGD_df0.7_wd5e-05,42,cuda,256,16,100,100,0.0005,SGD,0.7,5e-05,False,10,0.98975,39,0.98911,0.040166,4981.9054,0.991037,0.991092,0.991034,0.991037,C:\tcc mesonet\experiments\cnn_baseline\imagensCNNfase4\imagensCNNfase4_2026-04-21_01-41-25_bs16_ep100_lr0.0005_optSGD_df0.7_wd5e-05\best_model.pt,C:\tcc mesonet\experiments\cnn_baseline\imagensCNNfase4\imagensCNNfase4_2026-04-21_01-41-25_bs16_ep100_lr0.0005_optSGD_df0.7_wd5e-05\metrics.json,imagensCNNfase4,imagensCNNfase4_2026-04-21_01-41-25_bs16_ep100_lr0.0005_optSGD_df0.7_wd5e-05
imagensCNNfase1_2026-04-16_14-33-32_bs16_ep50_lr0.001_optSGD_df0.5_wd0.0001,C:\tcc mesonet\experiments\cnn_baseline\imagensCNNfase1\imagensCNNfase1_2026-04-16_14-33-32_bs16_ep50_lr0.001_optSGD_df0.5_wd0.0001,42,cuda,256,16,50,50,0.001,SGD,0.5,0.0001,False,10,0.990391,40,0.986547,0.046689,2470.012,0.991037,0.991079,0.991034,0.991037,C:\tcc mesonet\experiments\cnn_baseline\imagensCNNfase1\imagensCNNfase1_2026-04-16_14-33-32_bs16_ep50_lr0.001_optSGD_df0.5_wd0.0001\best_model.pt,C:\tcc mesonet\experiments\cnn_baseline\imagensCNNfase1\imagensCNNfase1_2026-04-16_14-33-32_bs16_ep50_lr0.001_optSGD_df0.5_wd0.0001\metrics.json,imagensCNNfase1,imagensCNNfase1_2026-04-16_14-33-32_bs16_ep50_lr0.001_optSGD_df0.5_wd0.0001
imagensCNNfase4_2026-04-21_03-04-32_bs16_ep100_lr0.0007_optSGD_df0.6_wd0.0,C:\tcc mesonet\experiments\cnn_baseline\imagensCNNfase4\imagensCNNfase4_2026-04-21_03-04-32_bs16_ep100_lr0.0007_optSGD_df0.6_wd0.0,42,cuda,256,16,100,100,0.0007,SGD,0.6,0.0,False,10,0.99007,40,0.988789,0.0501,4937.5402,0.990717,0.990723,0.990716,0.990717,C:\tcc mesonet\experiments\cnn_baseline\imagensCNNfase4\imagensCNNfase4_2026-04-21_03-04-32_bs16_ep100_lr0.0007_optSGD_df0.6_wd0.0\best_model.pt,C:\tcc mesonet\experiments\cnn_baseline\imagensCNNfase4\imagensCNNfase4_2026-04-21_03-04-32_bs16_ep100_lr0.0007_optSGD_df0.6_wd0.0\metrics.json,imagensCNNfase4,imagensCNNfase4_2026-04-21_03-04-32_bs16_ep100_lr0.0007_optSGD_df0.6_wd0.0
imagensCNNfase4_2026-04-20_02-15-57_bs16_ep50_lr0.0005_optSGD_df0.6_wd0.0,C:\tcc mesonet\experiments\cnn_baseline\imagensCNNfase4\imagensCNNfase4_2026-04-20_02-15-57_bs16_ep50_lr0.0005_optSGD_df0.6_wd0.0,42,cuda,256,16,50,50,0.0005,SGD,0.6,0.0,False,10,0.99007,41,0.985906,0.044989,2462.1881,0.990717,0.990717,0.990717,0.990717,C:\tcc mesonet\experiments\cnn_baseline\imagensCNNfase4\imagensCNNfase4_2026-04-20_02-15-57_bs16_ep50_lr0.0005_optSGD_df0.6_wd0.0\best_model.pt,C:\tcc mesonet\experiments\cnn_baseline\imagensCNNfase4\imagensCNNfase4_2026-04-20_02-15-57_bs16_ep50_lr0.0005_optSGD_df0.6_wd0.0\metrics.json,imagensCNNfase4,imagensCNNfase4_2026-04-20_02-15-57_bs16_ep50_lr0.0005_optSGD_df0.6_wd0.0
imagensCNNfase4_2026-04-20_06-25-01_bs16_ep50_lr0.0007_optSGD_df0.6_wd0.0,C:\tcc mesonet\experiments\cnn_baseline\imagensCNNfase4\imagensCNNfase4_2026-04-20_06-25-01_bs16_ep50_lr0.0007_optSGD_df0.6_wd0.0,42,cuda,256,16,50,50,0.0007,SGD,0.6,0.0,False,10,0.99007,40,0.987188,0.039626,2471.338,0.990717,0.990723,0.990716,0.990717,C:\tcc mesonet\experiments\cnn_baseline\imagensCNNfase4\imagensCNNfase4_2026-04-20_06-25-01_bs16_ep50_lr0.0007_optSGD_df0.6_wd0.0\best_model.pt,C:\tcc mesonet\experiments\cnn_baseline\imagensCNNfase4\imagensCNNfase4_2026-04-20_06-25-01_bs16_ep50_lr0.0007_optSGD_df0.6_wd0.0\metrics.json,imagensCNNfase4,imagensCNNfase4_2026-04-20_06-25-01_bs16_ep50_lr0.0007_optSGD_df0.6_wd0.0
imagensCNNfase1_1_2026-04-17_13-10-09_bs32_ep50_lr0.0005_optSGD_df0.5_wd0.0001,C:\tcc mesonet\experiments\cnn_baseline\imagensCNNfase1_1\imagensCNNfase1_1_2026-04-17_13-10-09_bs32_ep50_lr0.0005_optSGD_df0.5_wd0.0001,42,cuda,256,32,50,50,0.0005,SGD,0.5,0.0001,False,10,0.98975,14,0.987188,0.043529,2466.1244,0.990397,0.990452,0.990394,0.990397,C:\tcc mesonet\experiments\cnn_baseline\imagensCNNfase1_1\imagensCNNfase1_1_2026-04-17_13-10-09_bs32_ep50_lr0.0005_optSGD_df0.5_wd0.0001\best_model.pt,C:\tcc mesonet\experiments\cnn_baseline\imagensCNNfase1_1\imagensCNNfase1_1_2026-04-17_13-10-09_bs32_ep50_lr0.0005_optSGD_df0.5_wd0.0001\metrics.json,imagensCNNfase1_1,imagensCNNfase1_1_2026-04-17_13-10-09_bs32_ep50_lr0.0005_optSGD_df0.5_wd0.0001
imagensCNNfase1_2026-04-16_16-39-06_bs16_ep50_lr0.0005_optAdam_df0.5_wd0.0001,C:\tcc mesonet\experiments\cnn_baseline\imagensCNNfase1\imagensCNNfase1_2026-04-16_16-39-06_bs16_ep50_lr0.0005_optAdam_df0.5_wd0.0001,42,cuda,256,16,50,50,0.0005,Adam,0.5,0.0001,False,10,0.988789,23,0.987188,0.048102,2524.5256,0.990397,0.990397,0.990397,0.990397,C:\tcc mesonet\experiments\cnn_baseline\imagensCNNfase1\imagensCNNfase1_2026-04-16_16-39-06_bs16_ep50_lr0.0005_optAdam_df0.5_wd0.0001\best_model.pt,C:\tcc mesonet\experiments\cnn_baseline\imagensCNNfase1\imagensCNNfase1_2026-04-16_16-39-06_bs16_ep50_lr0.0005_optAdam_df0.5_wd0.0001\metrics.json,imagensCNNfase1,imagensCNNfase1_2026-04-16_16-39-06_bs16_ep50_lr0.0005_optAdam_df0.5_wd0.0001
imagensCNNfase4_2026-04-20_10-33-33_bs16_ep100_lr0.0003_optSGD_df0.6_wd0.0,C:\tcc mesonet\experiments\cnn_baseline\imagensCNNfase4\imagensCNNfase4_2026-04-20_10-33-33_bs16_ep100_lr0.0003_optSGD_df0.6_wd0.0,42,cuda,256,16,100,100,0.0003,SGD,0.6,0.0,False,10,0.990391,73,0.988149,0.054123,4919.2906,0.990397,0.990411,0.990395,0.990397,C:\tcc mesonet\experiments\cnn_baseline\imagensCNNfase4\imagensCNNfase4_2026-04-20_10-33-33_bs16_ep100_lr0.0003_optSGD_df0.6_wd0.0\best_model.pt,C:\tcc mesonet\experiments\cnn_baseline\imagensCNNfase4\imagensCNNfase4_2026-04-20_10-33-33_bs16_ep100_lr0.0003_optSGD_df0.6_wd0.0\metrics.json,imagensCNNfase4,imagensCNNfase4_2026-04-20_10-33-33_bs16_ep100_lr0.0003_optSGD_df0.6_wd0.0
imagensCNNfase4_2026-04-20_21-33-47_bs16_ep100_lr0.0005_optSGD_df0.6_wd5e-05,C:\tcc mesonet\experiments\cnn_baseline\imagensCNNfase4\imagensCNNfase4_2026-04-20_21-33-47_bs16_ep100_lr0.0005_optSGD_df0.6_wd5e-05,42,cuda,256,16,100,100,0.0005,SGD,0.6,5e-05,False,10,0.98943,43,0.987828,0.057248,4952.178,0.990397,0.990405,0.990396,0.990397,C:\tcc mesonet\experiments\cnn_baseline\imagensCNNfase4\imagensCNNfase4_2026-04-20_21-33-47_bs16_ep100_lr0.0005_optSGD_df0.6_wd5e-05\best_model.pt,C:\tcc mesonet\experiments\cnn_baseline\imagensCNNfase4\imagensCNNfase4_2026-04-20_21-33-47_bs16_ep100_lr0.0005_optSGD_df0.6_wd5e-05\metrics.json,imagensCNNfase4,imagensCNNfase4_2026-04-20_21-33-47_bs16_ep100_lr0.0005_optSGD_df0.6_wd5e-05
imagensCNNfase4_2026-04-20_03-38-39_bs16_ep50_lr0.0005_optSGD_df0.6_wd5e-05,C:\tcc mesonet\experiments\cnn_baseline\imagensCNNfase4\imagensCNNfase4_2026-04-20_03-38-39_bs16_ep50_lr0.0005_optSGD_df0.6_wd5e-05,42,cuda,256,16,50,50,0.0005,SGD,0.6,5e-05,False,10,0.98943,43,0.987508,0.03819,2496.5516,0.990397,0.990405,0.990396,0.990397,C:\tcc mesonet\experiments\cnn_baseline\imagensCNNfase4\imagensCNNfase4_2026-04-20_03-38-39_bs16_ep50_lr0.0005_optSGD_df0.6_wd5e-05\best_model.pt,C:\tcc mesonet\experiments\cnn_baseline\imagensCNNfase4\imagensCNNfase4_2026-04-20_03-38-39_bs16_ep50_lr0.0005_optSGD_df0.6_wd5e-05\metrics.json,imagensCNNfase4,imagensCNNfase4_2026-04-20_03-38-39_bs16_ep50_lr0.0005_optSGD_df0.6_wd5e-05
imagensCNNfase4_2026-04-20_05-01-41_bs16_ep50_lr0.0005_optSGD_df0.7_wd1e-05,C:\tcc mesonet\experiments\cnn_baseline\imagensCNNfase4\imagensCNNfase4_2026-04-20_05-01-41_bs16_ep50_lr0.0005_optSGD_df0.7_wd1e-05,42,cuda,256,16,50,50,0.0005,SGD,0.7,1e-05,False,10,0.98975,21,0.987188,0.03342,2493.0933,0.990397,0.990397,0.990397,0.990397,C:\tcc mesonet\experiments\cnn_baseline\imagensCNNfase4\imagensCNNfase4_2026-04-20_05-01-41_bs16_ep50_lr0.0005_optSGD_df0.7_wd1e-05\best_model.pt,C:\tcc mesonet\experiments\cnn_baseline\imagensCNNfase4\imagensCNNfase4_2026-04-20_05-01-41_bs16_ep50_lr0.0005_optSGD_df0.7_wd1e-05\metrics.json,imagensCNNfase4,imagensCNNfase4_2026-04-20_05-01-41_bs16_ep50_lr0.0005_optSGD_df0.7_wd1e-05
imagensCNNfase4_2026-04-19_22-48-33_bs16_ep50_lr0.0003_optSGD_df0.6_wd1e-05,C:\tcc mesonet\experiments\cnn_baseline\imagensCNNfase4\imagensCNNfase4_2026-04-19_22-48-33_bs16_ep50_lr0.0003_optSGD_df0.6_wd1e-05,42,cuda,256,16,50,50,0.0003,SGD,0.6,1e-05,False,10,0.98943,21,0.987508,0.037406,2492.784,0.990397,0.990398,0.990397,0.990397,C:\tcc mesonet\experiments\cnn_baseline\imagensCNNfase4\imagensCNNfase4_2026-04-19_22-48-33_bs16_ep50_lr0.0003_optSGD_df0.6_wd1e-05\best_model.pt,C:\tcc mesonet\experiments\cnn_baseline\imagensCNNfase4\imagensCNNfase4_2026-04-19_22-48-33_bs16_ep50_lr0.0003_optSGD_df0.6_wd1e-05\metrics.json,imagensCNNfase4,imagensCNNfase4_2026-04-19_22-48-33_bs16_ep50_lr0.0003_optSGD_df0.6_wd1e-05
imagensCNNfase4_2026-04-21_08-35-14_bs16_ep100_lr0.0007_optSGD_df0.7_wd1e-05,C:\tcc mesonet\experiments\cnn_baseline\imagensCNNfase4\imagensCNNfase4_2026-04-21_08-35-14_bs16_ep100_lr0.0007_optSGD_df0.7_wd1e-05,42,cuda,256,16,100,100,0.0007,SGD,0.7,1e-05,False,10,0.98975,65,0.988149,0.040027,4979.9037,0.990397,0.990452,0.990394,0.990397,C:\tcc mesonet\experiments\cnn_baseline\imagensCNNfase4\imagensCNNfase4_2026-04-21_08-35-14_bs16_ep100_lr0.0007_optSGD_df0.7_wd1e-05\best_model.pt,C:\tcc mesonet\experiments\cnn_baseline\imagensCNNfase4\imagensCNNfase4_2026-04-21_08-35-14_bs16_ep100_lr0.0007_optSGD_df0.7_wd1e-05\metrics.json,imagensCNNfase4,imagensCNNfase4_2026-04-21_08-35-14_bs16_ep100_lr0.0007_optSGD_df0.7_wd1e-05
imagensCNNfase4_2026-04-21_00-18-37_bs16_ep100_lr0.0005_optSGD_df0.7_wd1e-05,C:\tcc mesonet\experiments\cnn_baseline\imagensCNNfase4\imagensCNNfase4_2026-04-21_00-18-37_bs16_ep100_lr0.0005_optSGD_df0.7_wd1e-05,42,cuda,256,16,100,100,0.0005,SGD,0.7,1e-05,False,10,0.98975,21,0.987508,0.050203,4961.4354,0.990397,0.990397,0.990397,0.990397,C:\tcc mesonet\experiments\cnn_baseline\imagensCNNfase4\imagensCNNfase4_2026-04-21_00-18-37_bs16_ep100_lr0.0005_optSGD_df0.7_wd1e-05\best_model.pt,C:\tcc mesonet\experiments\cnn_baseline\imagensCNNfase4\imagensCNNfase4_2026-04-21_00-18-37_bs16_ep100_lr0.0005_optSGD_df0.7_wd1e-05\metrics.json,imagensCNNfase4,imagensCNNfase4_2026-04-21_00-18-37_bs16_ep100_lr0.0005_optSGD_df0.7_wd1e-05
imagensCNNfase1_1_2026-04-17_09-30-15_bs32_ep50_lr0.001_optAdam_df0.5_wd0.0001,C:\tcc mesonet\experiments\cnn_baseline\imagensCNNfase1_1\imagensCNNfase1_1_2026-04-17_09-30-15_bs32_ep50_lr0.001_optAdam_df0.5_wd0.0001,42,cuda,256,32,50,50,0.001,Adam,0.5,0.0001,False,10,0.988469,31,0.983664,0.037338,2495.4911,0.990077,0.990095,0.990075,0.990077,C:\tcc mesonet\experiments\cnn_baseline\imagensCNNfase1_1\imagensCNNfase1_1_2026-04-17_09-30-15_bs32_ep50_lr0.001_optAdam_df0.5_wd0.0001\best_model.pt,C:\tcc mesonet\experiments\cnn_baseline\imagensCNNfase1_1\imagensCNNfase1_1_2026-04-17_09-30-15_bs32_ep50_lr0.001_optAdam_df0.5_wd0.0001\metrics.json,imagensCNNfase1_1,imagensCNNfase1_1_2026-04-17_09-30-15_bs32_ep50_lr0.001_optAdam_df0.5_wd0.0001
imagensCNNfase4_2026-04-20_00-11-39_bs16_ep50_lr0.0003_optSGD_df0.7_wd0.0,C:\tcc mesonet\experiments\cnn_baseline\imagensCNNfase4\imagensCNNfase4_2026-04-20_00-11-39_bs16_ep50_lr0.0003_optSGD_df0.7_wd0.0,42,cuda,256,16,50,50,0.0003,SGD,0.7,0.0,False,10,0.98911,44,0.987188,0.035558,2465.4809,0.990077,0.990095,0.990075,0.990077,C:\tcc mesonet\experiments\cnn_baseline\imagensCNNfase4\imagensCNNfase4_2026-04-20_00-11-39_bs16_ep50_lr0.0003_optSGD_df0.7_wd0.0\best_model.pt,C:\tcc mesonet\experiments\cnn_baseline\imagensCNNfase4\imagensCNNfase4_2026-04-20_00-11-39_bs16_ep50_lr0.0003_optSGD_df0.7_wd0.0\metrics.json,imagensCNNfase4,imagensCNNfase4_2026-04-20_00-11-39_bs16_ep50_lr0.0003_optSGD_df0.7_wd0.0
imagensCNNfase1_2026-04-16_20-09-36_bs16_ep50_lr0.0001_optSGD_df0.5_wd0.0001,C:\tcc mesonet\experiments\cnn_baseline\imagensCNNfase1\imagensCNNfase1_2026-04-16_20-09-36_bs16_ep50_lr0.0001_optSGD_df0.5_wd0.0001,42,cuda,256,16,50,50,0.0001,SGD,0.5,0.0001,False,10,0.990391,25,0.988789,0.036744,2476.381,0.990077,0.990103,0.990075,0.990077,C:\tcc mesonet\experiments\cnn_baseline\imagensCNNfase1\imagensCNNfase1_2026-04-16_20-09-36_bs16_ep50_lr0.0001_optSGD_df0.5_wd0.0001\best_model.pt,C:\tcc mesonet\experiments\cnn_baseline\imagensCNNfase1\imagensCNNfase1_2026-04-16_20-09-36_bs16_ep50_lr0.0001_optSGD_df0.5_wd0.0001\metrics.json,imagensCNNfase1,imagensCNNfase1_2026-04-16_20-09-36_bs16_ep50_lr0.0001_optSGD_df0.5_wd0.0001
imagensCNNfase4_2026-04-20_11-55-38_bs16_ep100_lr0.0003_optSGD_df0.6_wd1e-05,C:\tcc mesonet\experiments\cnn_baseline\imagensCNNfase4\imagensCNNfase4_2026-04-20_11-55-38_bs16_ep100_lr0.0003_optSGD_df0.6_wd1e-05,42,cuda,256,16,100,100,0.0003,SGD,0.6,1e-05,False,10,0.99007,77,0.987188,0.046704,4957.1478,0.990077,0.990095,0.990075,0.990077,C:\tcc mesonet\experiments\cnn_baseline\imagensCNNfase4\imagensCNNfase4_2026-04-20_11-55-38_bs16_ep100_lr0.0003_optSGD_df0.6_wd1e-05\best_model.pt,C:\tcc mesonet\experiments\cnn_baseline\imagensCNNfase4\imagensCNNfase4_2026-04-20_11-55-38_bs16_ep100_lr0.0003_optSGD_df0.6_wd1e-05\metrics.json,imagensCNNfase4,imagensCNNfase4_2026-04-20_11-55-38_bs16_ep100_lr0.0003_optSGD_df0.6_wd1e-05
imagensCNNfase4_2026-04-20_00-52-50_bs16_ep50_lr0.0003_optSGD_df0.7_wd1e-05,C:\tcc mesonet\experiments\cnn_baseline\imagensCNNfase4\imagensCNNfase4_2026-04-20_00-52-50_bs16_ep50_lr0.0003_optSGD_df0.7_wd1e-05,42,cuda,256,16,50,50,0.0003,SGD,0.7,1e-05,False,10,0.98975,21,0.987828,0.037127,2490.7675,0.990077,0.990085,0.990078,0.990077,C:\tcc mesonet\experiments\cnn_baseline\imagensCNNfase4\imagensCNNfase4_2026-04-20_00-52-50_bs16_ep50_lr0.0003_optSGD_df0.7_wd1e-05\best_model.pt,C:\tcc mesonet\experiments\cnn_baseline\imagensCNNfase4\imagensCNNfase4_2026-04-20_00-52-50_bs16_ep50_lr0.0003_optSGD_df0.7_wd1e-05\metrics.json,imagensCNNfase4,imagensCNNfase4_2026-04-20_00-52-50_bs16_ep50_lr0.0003_optSGD_df0.7_wd1e-05
imagensCNNfase4_2026-04-19_22-07-31_bs16_ep50_lr0.0003_optSGD_df0.6_wd0.0,C:\tcc mesonet\experiments\cnn_baseline\imagensCNNfase4\imagensCNNfase4_2026-04-19_22-07-31_bs16_ep50_lr0.0003_optSGD_df0.6_wd0.0,42,cuda,256,16,50,50,0.0003,SGD,0.6,0.0,False,10,0.988469,21,0.987828,0.037374,2454.9594,0.989757,0.989759,0.989758,0.989757,C:\tcc mesonet\experiments\cnn_baseline\imagensCNNfase4\imagensCNNfase4_2026-04-19_22-07-31_bs16_ep50_lr0.0003_optSGD_df0.6_wd0.0\best_model.pt,C:\tcc mesonet\experiments\cnn_baseline\imagensCNNfase4\imagensCNNfase4_2026-04-19_22-07-31_bs16_ep50_lr0.0003_optSGD_df0.6_wd0.0\metrics.json,imagensCNNfase4,imagensCNNfase4_2026-04-19_22-07-31_bs16_ep50_lr0.0003_optSGD_df0.6_wd0.0
imagensCNNfase4_2026-04-20_09-52-08_bs16_ep50_lr0.0007_optSGD_df0.7_wd5e-05,C:\tcc mesonet\experiments\cnn_baseline\imagensCNNfase4\imagensCNNfase4_2026-04-20_09-52-08_bs16_ep50_lr0.0007_optSGD_df0.7_wd5e-05,42,cuda,256,16,50,50,0.0007,SGD,0.7,5e-05,False,10,0.98975,36,0.985586,0.038787,2478.9341,0.989757,0.989779,0.989755,0.989757,C:\tcc mesonet\experiments\cnn_baseline\imagensCNNfase4\imagensCNNfase4_2026-04-20_09-52-08_bs16_ep50_lr0.0007_optSGD_df0.7_wd5e-05\best_model.pt,C:\tcc mesonet\experiments\cnn_baseline\imagensCNNfase4\imagensCNNfase4_2026-04-20_09-52-08_bs16_ep50_lr0.0007_optSGD_df0.7_wd5e-05\metrics.json,imagensCNNfase4,imagensCNNfase4_2026-04-20_09-52-08_bs16_ep50_lr0.0007_optSGD_df0.7_wd5e-05
imagensCNNfase2_2026-04-17_19-41-31_bs16_ep50_lr0.0005_optSGD_df0.3_wd0.0005,C:\tcc mesonet\experiments\cnn_baseline\imagensCNNfase2\imagensCNNfase2_2026-04-17_19-41-31_bs16_ep50_lr0.0005_optSGD_df0.3_wd0.0005,42,cuda,256,16,50,50,0.0005,SGD,0.3,0.0005,False,10,0.99007,25,0.986867,0.041746,2458.247,0.989757,0.989788,0.989754,0.989757,C:\tcc mesonet\experiments\cnn_baseline\imagensCNNfase2\imagensCNNfase2_2026-04-17_19-41-31_bs16_ep50_lr0.0005_optSGD_df0.3_wd0.0005\best_model.pt,C:\tcc mesonet\experiments\cnn_baseline\imagensCNNfase2\imagensCNNfase2_2026-04-17_19-41-31_bs16_ep50_lr0.0005_optSGD_df0.3_wd0.0005\metrics.json,imagensCNNfase2,imagensCNNfase2_2026-04-17_19-41-31_bs16_ep50_lr0.0005_optSGD_df0.3_wd0.0005
imagensCNNfase5_2026-04-21_14-30-04_bs16_ep50_lr0.0005_optAdam_df0.7_wd0.0,C:\tcc mesonet\experiments\cnn_baseline\imagensCNNfase5\imagensCNNfase5_2026-04-21_14-30-04_bs16_ep50_lr0.0005_optAdam_df0.7_wd0.0,42,cuda,256,16,50,50,0.0005,Adam,0.7,0.0,False,10,0.988149,46,0.985586,0.068081,2518.5929,0.989757,0.989759,0.989758,0.989757,C:\tcc mesonet\experiments\cnn_baseline\imagensCNNfase5\imagensCNNfase5_2026-04-21_14-30-04_bs16_ep50_lr0.0005_optAdam_df0.7_wd0.0\best_model.pt,C:\tcc mesonet\experiments\cnn_baseline\imagensCNNfase5\imagensCNNfase5_2026-04-21_14-30-04_bs16_ep50_lr0.0005_optAdam_df0.7_wd0.0\metrics.json,imagensCNNfase5,imagensCNNfase5_2026-04-21_14-30-04_bs16_ep50_lr0.0005_optAdam_df0.7_wd0.0
imagensCNNfase5_2026-04-21_17-38-34_bs16_ep50_lr0.0005_optAdamW_df0.7_wd0.0,C:\tcc mesonet\experiments\cnn_baseline\imagensCNNfase5\imagensCNNfase5_2026-04-21_17-38-34_bs16_ep50_lr0.0005_optAdamW_df0.7_wd0.0,42,cuda,256,16,50,50,0.0005,AdamW,0.7,0.0,False,10,0.988149,46,0.985586,0.068081,2552.9556,0.989757,0.989759,0.989758,0.989757,C:\tcc mesonet\experiments\cnn_baseline\imagensCNNfase5\imagensCNNfase5_2026-04-21_17-38-34_bs16_ep50_lr0.0005_optAdamW_df0.7_wd0.0\best_model.pt,C:\tcc mesonet\experiments\cnn_baseline\imagensCNNfase5\imagensCNNfase5_2026-04-21_17-38-34_bs16_ep50_lr0.0005_optAdamW_df0.7_wd0.0\metrics.json,imagensCNNfase5,imagensCNNfase5_2026-04-21_17-38-34_bs16_ep50_lr0.0005_optAdamW_df0.7_wd0.0
imagensCNNfase4_2026-04-21_09-58-20_bs16_ep100_lr0.0007_optSGD_df0.7_wd5e-05,C:\tcc mesonet\experiments\cnn_baseline\imagensCNNfase4\imagensCNNfase4_2026-04-21_09-58-20_bs16_ep100_lr0.0007_optSGD_df0.7_wd5e-05,42,cuda,256,16,100,100,0.0007,SGD,0.7,5e-05,False,10,0.98975,36,0.988149,0.042991,4981.6581,0.989757,0.989779,0.989755,0.989757,C:\tcc mesonet\experiments\cnn_baseline\imagensCNNfase4\imagensCNNfase4_2026-04-21_09-58-20_bs16_ep100_lr0.0007_optSGD_df0.7_wd5e-05\best_model.pt,C:\tcc mesonet\experiments\cnn_baseline\imagensCNNfase4\imagensCNNfase4_2026-04-21_09-58-20_bs16_ep100_lr0.0007_optSGD_df0.7_wd5e-05\metrics.json,imagensCNNfase4,imagensCNNfase4_2026-04-21_09-58-20_bs16_ep100_lr0.0007_optSGD_df0.7_wd5e-05
imagensCNNfase1_1_2026-04-17_16-37-58_bs32_ep50_lr0.0001_optAdamW_df0.5_wd0.0001,C:\tcc mesonet\experiments\cnn_baseline\imagensCNNfase1_1\imagensCNNfase1_1_2026-04-17_16-37-58_bs32_ep50_lr0.0001_optAdamW_df0.5_wd0.0001,42,cuda,256,32,50,50,0.0001,AdamW,0.5,0.0001,False,10,0.98943,25,0.98943,0.048639,2497.8523,0.989757,0.989811,0.989753,0.989756,C:\tcc mesonet\experiments\cnn_baseline\imagensCNNfase1_1\imagensCNNfase1_1_2026-04-17_16-37-58_bs32_ep50_lr0.0001_optAdamW_df0.5_wd0.0001\best_model.pt,C:\tcc mesonet\experiments\cnn_baseline\imagensCNNfase1_1\imagensCNNfase1_1_2026-04-17_16-37-58_bs32_ep50_lr0.0001_optAdamW_df0.5_wd0.0001\metrics.json,imagensCNNfase1_1,imagensCNNfase1_1_2026-04-17_16-37-58_bs32_ep50_lr0.0001_optAdamW_df0.5_wd0.0001
imagensCNNfase4_2026-04-20_01-34-27_bs16_ep50_lr0.0003_optSGD_df0.7_wd5e-05,C:\tcc mesonet\experiments\cnn_baseline\imagensCNNfase4\imagensCNNfase4_2026-04-20_01-34-27_bs16_ep50_lr0.0003_optSGD_df0.7_wd5e-05,42,cuda,256,16,50,50,0.0003,SGD,0.7,5e-05,False,10,0.99007,17,0.988149,0.036375,2484.922,0.989757,0.989877,0.989752,0.989756,C:\tcc mesonet\experiments\cnn_baseline\imagensCNNfase4\imagensCNNfase4_2026-04-20_01-34-27_bs16_ep50_lr0.0003_optSGD_df0.7_wd5e-05\best_model.pt,C:\tcc mesonet\experiments\cnn_baseline\imagensCNNfase4\imagensCNNfase4_2026-04-20_01-34-27_bs16_ep50_lr0.0003_optSGD_df0.7_wd5e-05\metrics.json,imagensCNNfase4,imagensCNNfase4_2026-04-20_01-34-27_bs16_ep50_lr0.0003_optSGD_df0.7_wd5e-05
imagensCNNfase4_2026-04-20_17-26-26_bs16_ep100_lr0.0003_optSGD_df0.7_wd5e-05,C:\tcc mesonet\experiments\cnn_baseline\imagensCNNfase4\imagensCNNfase4_2026-04-20_17-26-26_bs16_ep100_lr0.0003_optSGD_df0.7_wd5e-05,42,cuda,256,16,100,100,0.0003,SGD,0.7,5e-05,False,10,0.99007,17,0.988149,0.049009,4961.3165,0.989757,0.989877,0.989752,0.989756,C:\tcc mesonet\experiments\cnn_baseline\imagensCNNfase4\imagensCNNfase4_2026-04-20_17-26-26_bs16_ep100_lr0.0003_optSGD_df0.7_wd5e-05\best_model.pt,C:\tcc mesonet\experiments\cnn_baseline\imagensCNNfase4\imagensCNNfase4_2026-04-20_17-26-26_bs16_ep100_lr0.0003_optSGD_df0.7_wd5e-05\metrics.json,imagensCNNfase4,imagensCNNfase4_2026-04-20_17-26-26_bs16_ep100_lr0.0003_optSGD_df0.7_wd5e-05
imagensCNNfase7_2026-04-23_14-01-32_bs16_ep100_lr0.0003_optAdam_df0.3_wd0.0,C:\tcc mesonet\experiments\cnn_baseline\imagensCNNfase7\imagensCNNfase7_2026-04-23_14-01-32_bs16_ep100_lr0.0003_optAdam_df0.3_wd0.0,42,cuda,256,16,100,100,0.0003,Adam,0.3,0.0,False,10,0.990391,23,0.984305,0.079099,5265.2723,0.989437,0.989459,0.989439,0.989437,C:\tcc mesonet\experiments\cnn_baseline\imagensCNNfase7\imagensCNNfase7_2026-04-23_14-01-32_bs16_ep100_lr0.0003_optAdam_df0.3_wd0.0\best_model.pt,C:\tcc mesonet\experiments\cnn_baseline\imagensCNNfase7\imagensCNNfase7_2026-04-23_14-01-32_bs16_ep100_lr0.0003_optAdam_df0.3_wd0.0\metrics.json,imagensCNNfase7,imagensCNNfase7_2026-04-23_14-01-32_bs16_ep100_lr0.0003_optAdam_df0.3_wd0.0
imagensCNNfase7_2026-04-23_15-29-26_bs16_ep100_lr0.0003_optAdamW_df0.3_wd0.0,C:\tcc mesonet\experiments\cnn_baseline\imagensCNNfase7\imagensCNNfase7_2026-04-23_15-29-26_bs16_ep100_lr0.0003_optAdamW_df0.3_wd0.0,42,cuda,256,16,100,100,0.0003,AdamW,0.3,0.0,False,10,0.990391,23,0.984305,0.079099,5015.9848,0.989437,0.989459,0.989439,0.989437,C:\tcc mesonet\experiments\cnn_baseline\imagensCNNfase7\imagensCNNfase7_2026-04-23_15-29-26_bs16_ep100_lr0.0003_optAdamW_df0.3_wd0.0\best_model.pt,C:\tcc mesonet\experiments\cnn_baseline\imagensCNNfase7\imagensCNNfase7_2026-04-23_15-29-26_bs16_ep100_lr0.0003_optAdamW_df0.3_wd0.0\metrics.json,imagensCNNfase7,imagensCNNfase7_2026-04-23_15-29-26_bs16_ep100_lr0.0003_optAdamW_df0.3_wd0.0
imagensCNNfase1_2026-04-16_19-27-19_bs16_ep50_lr0.0001_optAdam_df0.5_wd0.0001,C:\tcc mesonet\experiments\cnn_baseline\imagensCNNfase1\imagensCNNfase1_2026-04-16_19-27-19_bs16_ep50_lr0.0001_optAdam_df0.5_wd0.0001,42,cuda,256,16,50,50,0.0001,Adam,0.5,0.0001,False,10,0.99007,31,0.987508,0.047126,2531.5043,0.989437,0.989538,0.989441,0.989436,C:\tcc mesonet\experiments\cnn_baseline\imagensCNNfase1\imagensCNNfase1_2026-04-16_19-27-19_bs16_ep50_lr0.0001_optAdam_df0.5_wd0.0001\best_model.pt,C:\tcc mesonet\experiments\cnn_baseline\imagensCNNfase1\imagensCNNfase1_2026-04-16_19-27-19_bs16_ep50_lr0.0001_optAdam_df0.5_wd0.0001\metrics.json,imagensCNNfase1,imagensCNNfase1_2026-04-16_19-27-19_bs16_ep50_lr0.0001_optAdam_df0.5_wd0.0001
imagensCNNfase5_2026-04-21_16-10-38_bs16_ep50_lr0.0005_optAdamW_df0.6_wd0.0,C:\tcc mesonet\experiments\cnn_baseline\imagensCNNfase5\imagensCNNfase5_2026-04-21_16-10-38_bs16_ep50_lr0.0005_optAdamW_df0.6_wd0.0,42,cuda,256,16,50,50,0.0005,AdamW,0.6,0.0,False,10,0.99007,50,0.99007,0.044992,2587.8764,0.989437,0.989473,0.989434,0.989436,C:\tcc mesonet\experiments\cnn_baseline\imagensCNNfase5\imagensCNNfase5_2026-04-21_16-10-38_bs16_ep50_lr0.0005_optAdamW_df0.6_wd0.0\best_model.pt,C:\tcc mesonet\experiments\cnn_baseline\imagensCNNfase5\imagensCNNfase5_2026-04-21_16-10-38_bs16_ep50_lr0.0005_optAdamW_df0.6_wd0.0\metrics.json,imagensCNNfase5,imagensCNNfase5_2026-04-21_16-10-38_bs16_ep50_lr0.0005_optAdamW_df0.6_wd0.0
imagensCNNfase5_2026-04-21_13-05-33_bs16_ep50_lr0.0005_optAdam_df0.6_wd0.0,C:\tcc mesonet\experiments\cnn_baseline\imagensCNNfase5\imagensCNNfase5_2026-04-21_13-05-33_bs16_ep50_lr0.0005_optAdam_df0.6_wd0.0,42,cuda,256,16,50,50,0.0005,Adam,0.6,0.0,False,10,0.99007,50,0.99007,0.044992,2523.9168,0.989437,0.989473,0.989434,0.989436,C:\tcc mesonet\experiments\cnn_baseline\imagensCNNfase5\imagensCNNfase5_2026-04-21_13-05-33_bs16_ep50_lr0.0005_optAdam_df0.6_wd0.0\best_model.pt,C:\tcc mesonet\experiments\cnn_baseline\imagensCNNfase5\imagensCNNfase5_2026-04-21_13-05-33_bs16_ep50_lr0.0005_optAdam_df0.6_wd0.0\metrics.json,imagensCNNfase5,imagensCNNfase5_2026-04-21_13-05-33_bs16_ep50_lr0.0005_optAdam_df0.6_wd0.0
imagensCNNfase6_2026-04-22_08-56-13_bs32_ep100_lr0.0005_optAdam_df0.7_wd0.0,C:\tcc mesonet\experiments\cnn_baseline\imagensCNNfase6\imagensCNNfase6_2026-04-22_08-56-13_bs32_ep100_lr0.0005_optAdam_df0.7_wd0.0,42,cuda,256,32,100,100,0.0005,Adam,0.7,0.0,False,10,0.991031,52,0.986547,0.074929,4983.6844,0.989117,0.989148,0.989114,0.989116,C:\tcc mesonet\experiments\cnn_baseline\imagensCNNfase6\imagensCNNfase6_2026-04-22_08-56-13_bs32_ep100_lr0.0005_optAdam_df0.7_wd0.0\best_model.pt,C:\tcc mesonet\experiments\cnn_baseline\imagensCNNfase6\imagensCNNfase6_2026-04-22_08-56-13_bs32_ep100_lr0.0005_optAdam_df0.7_wd0.0\metrics.json,imagensCNNfase6,imagensCNNfase6_2026-04-22_08-56-13_bs32_ep100_lr0.0005_optAdam_df0.7_wd0.0
imagensCNNfase5_2026-04-22_00-04-02_bs16_ep50_lr0.0007_optAdam_df0.7_wd0.0001,C:\tcc mesonet\experiments\cnn_baseline\imagensCNNfase5\imagensCNNfase5_2026-04-22_00-04-02_bs16_ep50_lr0.0007_optAdam_df0.7_wd0.0001,42,cuda,256,16,50,50,0.0007,Adam,0.7,0.0001,False,10,0.987828,33,0.986227,0.032278,2561.8795,0.989117,0.989139,0.989114,0.989116,C:\tcc mesonet\experiments\cnn_baseline\imagensCNNfase5\imagensCNNfase5_2026-04-22_00-04-02_bs16_ep50_lr0.0007_optAdam_df0.7_wd0.0001\best_model.pt,C:\tcc mesonet\experiments\cnn_baseline\imagensCNNfase5\imagensCNNfase5_2026-04-22_00-04-02_bs16_ep50_lr0.0007_optAdam_df0.7_wd0.0001\metrics.json,imagensCNNfase5,imagensCNNfase5_2026-04-22_00-04-02_bs16_ep50_lr0.0007_optAdam_df0.7_wd0.0001
imagensCNNfase4_2026-04-19_23-30-12_bs16_ep50_lr0.0003_optSGD_df0.6_wd5e-05,C:\tcc mesonet\experiments\cnn_baseline\imagensCNNfase4\imagensCNNfase4_2026-04-19_23-30-12_bs16_ep50_lr0.0003_optSGD_df0.6_wd5e-05,42,cuda,256,16,50,50,0.0003,SGD,0.6,5e-05,False,10,0.98975,36,0.987188,0.039213,2481.0307,0.989117,0.989159,0.989114,0.989116,C:\tcc mesonet\experiments\cnn_baseline\imagensCNNfase4\imagensCNNfase4_2026-04-19_23-30-12_bs16_ep50_lr0.0003_optSGD_df0.6_wd5e-05\best_model.pt,C:\tcc mesonet\experiments\cnn_baseline\imagensCNNfase4\imagensCNNfase4_2026-04-19_23-30-12_bs16_ep50_lr0.0003_optSGD_df0.6_wd5e-05\metrics.json,imagensCNNfase4,imagensCNNfase4_2026-04-19_23-30-12_bs16_ep50_lr0.0003_optSGD_df0.6_wd5e-05
imagensCNNfase4_2026-04-20_13-18-21_bs16_ep100_lr0.0003_optSGD_df0.6_wd5e-05,C:\tcc mesonet\experiments\cnn_baseline\imagensCNNfase4\imagensCNNfase4_2026-04-20_13-18-21_bs16_ep100_lr0.0003_optSGD_df0.6_wd5e-05,42,cuda,256,16,100,100,0.0003,SGD,0.6,5e-05,False,10,0.98975,36,0.987828,0.052411,4950.1111,0.989117,0.989159,0.989114,0.989116,C:\tcc mesonet\experiments\cnn_baseline\imagensCNNfase4\imagensCNNfase4_2026-04-20_13-18-21_bs16_ep100_lr0.0003_optSGD_df0.6_wd5e-05\best_model.pt,C:\tcc mesonet\experiments\cnn_baseline\imagensCNNfase4\imagensCNNfase4_2026-04-20_13-18-21_bs16_ep100_lr0.0003_optSGD_df0.6_wd5e-05\metrics.json,imagensCNNfase4,imagensCNNfase4_2026-04-20_13-18-21_bs16_ep100_lr0.0003_optSGD_df0.6_wd5e-05
imagensCNNfase4_2026-04-20_18-49-13_bs16_ep100_lr0.0005_optSGD_df0.6_wd0.0,C:\tcc mesonet\experiments\cnn_baseline\imagensCNNfase4\imagensCNNfase4_2026-04-20_18-49-13_bs16_ep100_lr0.0005_optSGD_df0.6_wd0.0,42,cuda,256,16,100,100,0.0005,SGD,0.6,0.0,False,10,0.990711,56,0.988469,0.053592,4914.3025,0.989117,0.989148,0.989114,0.989116,C:\tcc mesonet\experiments\cnn_baseline\imagensCNNfase4\imagensCNNfase4_2026-04-20_18-49-13_bs16_ep100_lr0.0005_optSGD_df0.6_wd0.0\best_model.pt,C:\tcc mesonet\experiments\cnn_baseline\imagensCNNfase4\imagensCNNfase4_2026-04-20_18-49-13_bs16_ep100_lr0.0005_optSGD_df0.6_wd0.0\metrics.json,imagensCNNfase4,imagensCNNfase4_2026-04-20_18-49-13_bs16_ep100_lr0.0005_optSGD_df0.6_wd0.0
imagensCNNfase5_2026-04-21_18-21-12_bs16_ep50_lr0.0005_optAdamW_df0.7_wd0.0001,C:\tcc mesonet\experiments\cnn_baseline\imagensCNNfase5\imagensCNNfase5_2026-04-21_18-21-12_bs16_ep50_lr0.0005_optAdamW_df0.7_wd0.0001,42,cuda,256,16,50,50,0.0005,AdamW,0.7,0.0001,False,10,0.988149,47,0.986867,0.050752,2581.7184,0.989117,0.989185,0.989113,0.989116,C:\tcc mesonet\experiments\cnn_baseline\imagensCNNfase5\imagensCNNfase5_2026-04-21_18-21-12_bs16_ep50_lr0.0005_optAdamW_df0.7_wd0.0001\best_model.pt,C:\tcc mesonet\experiments\cnn_baseline\imagensCNNfase5\imagensCNNfase5_2026-04-21_18-21-12_bs16_ep50_lr0.0005_optAdamW_df0.7_wd0.0001\metrics.json,imagensCNNfase5,imagensCNNfase5_2026-04-21_18-21-12_bs16_ep50_lr0.0005_optAdamW_df0.7_wd0.0001
imagensCNNfase1_1_2026-04-17_15-56-40_bs32_ep50_lr0.0001_optSGD_df0.5_wd0.0001,C:\tcc mesonet\experiments\cnn_baseline\imagensCNNfase1_1\imagensCNNfase1_1_2026-04-17_15-56-40_bs32_ep50_lr0.0001_optSGD_df0.5_wd0.0001,42,cuda,256,32,50,50,0.0001,SGD,0.5,0.0001,False,10,0.99007,44,0.986547,0.033731,2472.3046,0.989117,0.989139,0.989114,0.989116,C:\tcc mesonet\experiments\cnn_baseline\imagensCNNfase1_1\imagensCNNfase1_1_2026-04-17_15-56-40_bs32_ep50_lr0.0001_optSGD_df0.5_wd0.0001\best_model.pt,C:\tcc mesonet\experiments\cnn_baseline\imagensCNNfase1_1\imagensCNNfase1_1_2026-04-17_15-56-40_bs32_ep50_lr0.0001_optSGD_df0.5_wd0.0001\metrics.json,imagensCNNfase1_1,imagensCNNfase1_1_2026-04-17_15-56-40_bs32_ep50_lr0.0001_optSGD_df0.5_wd0.0001
imagensCNNfase1_1_2026-04-17_10-11-57_bs32_ep50_lr0.001_optSGD_df0.5_wd0.0001,C:\tcc mesonet\experiments\cnn_baseline\imagensCNNfase1_1\imagensCNNfase1_1_2026-04-17_10-11-57_bs32_ep50_lr0.001_optSGD_df0.5_wd0.0001,42,cuda,256,32,50,50,0.001,SGD,0.5,0.0001,False,10,0.990711,14,0.987828,0.039749,2464.2539,0.989117,0.989185,0.989113,0.989116,C:\tcc mesonet\experiments\cnn_baseline\imagensCNNfase1_1\imagensCNNfase1_1_2026-04-17_10-11-57_bs32_ep50_lr0.001_optSGD_df0.5_wd0.0001\best_model.pt,C:\tcc mesonet\experiments\cnn_baseline\imagensCNNfase1_1\imagensCNNfase1_1_2026-04-17_10-11-57_bs32_ep50_lr0.001_optSGD_df0.5_wd0.0001\metrics.json,imagensCNNfase1_1,imagensCNNfase1_1_2026-04-17_10-11-57_bs32_ep50_lr0.001_optSGD_df0.5_wd0.0001
imagensCNNfase2_2026-04-17_19-00-23_bs16_ep50_lr0.0005_optSGD_df0.3_wd0.0001,C:\tcc mesonet\experiments\cnn_baseline\imagensCNNfase2\imagensCNNfase2_2026-04-17_19-00-23_bs16_ep50_lr0.0005_optSGD_df0.3_wd0.0001,42,cuda,256,16,50,50,0.0005,SGD,0.3,0.0001,False,10,0.990711,23,0.987188,0.041471,2462.3591,0.989117,0.989118,0.989116,0.989116,C:\tcc mesonet\experiments\cnn_baseline\imagensCNNfase2\imagensCNNfase2_2026-04-17_19-00-23_bs16_ep50_lr0.0005_optSGD_df0.3_wd0.0001\best_model.pt,C:\tcc mesonet\experiments\cnn_baseline\imagensCNNfase2\imagensCNNfase2_2026-04-17_19-00-23_bs16_ep50_lr0.0005_optSGD_df0.3_wd0.0001\metrics.json,imagensCNNfase2,imagensCNNfase2_2026-04-17_19-00-23_bs16_ep50_lr0.0005_optSGD_df0.3_wd0.0001
imagensCNNfase1_2026-04-16_17-21-16_bs16_ep50_lr0.0005_optSGD_df0.5_wd0.0001,C:\tcc mesonet\experiments\cnn_baseline\imagensCNNfase1\imagensCNNfase1_2026-04-16_17-21-16_bs16_ep50_lr0.0005_optSGD_df0.5_wd0.0001,42,cuda,256,16,50,50,0.0005,SGD,0.5,0.0001,False,10,0.98975,25,0.987828,0.039278,2468.4346,0.988796,0.988799,0.988796,0.988796,C:\tcc mesonet\experiments\cnn_baseline\imagensCNNfase1\imagensCNNfase1_2026-04-16_17-21-16_bs16_ep50_lr0.0005_optSGD_df0.5_wd0.0001\best_model.pt,C:\tcc mesonet\experiments\cnn_baseline\imagensCNNfase1\imagensCNNfase1_2026-04-16_17-21-16_bs16_ep50_lr0.0005_optSGD_df0.5_wd0.0001\metrics.json,imagensCNNfase1,imagensCNNfase1_2026-04-16_17-21-16_bs16_ep50_lr0.0005_optSGD_df0.5_wd0.0001
imagensCNNfase2_2026-04-17_21-03-21_bs16_ep50_lr0.0005_optSGD_df0.5_wd0.0001,C:\tcc mesonet\experiments\cnn_baseline\imagensCNNfase2\imagensCNNfase2_2026-04-17_21-03-21_bs16_ep50_lr0.0005_optSGD_df0.5_wd0.0001,42,cuda,256,16,50,50,0.0005,SGD,0.5,0.0001,False,10,0.98975,25,0.987828,0.039278,2461.4748,0.988796,0.988799,0.988796,0.988796,C:\tcc mesonet\experiments\cnn_baseline\imagensCNNfase2\imagensCNNfase2_2026-04-17_21-03-21_bs16_ep50_lr0.0005_optSGD_df0.5_wd0.0001\best_model.pt,C:\tcc mesonet\experiments\cnn_baseline\imagensCNNfase2\imagensCNNfase2_2026-04-17_21-03-21_bs16_ep50_lr0.0005_optSGD_df0.5_wd0.0001\metrics.json,imagensCNNfase2,imagensCNNfase2_2026-04-17_21-03-21_bs16_ep50_lr0.0005_optSGD_df0.5_wd0.0001
imagensCNNfase2_2026-04-17_23-06-37_bs16_ep50_lr0.0005_optSGD_df0.7_wd0.0001,C:\tcc mesonet\experiments\cnn_baseline\imagensCNNfase2\imagensCNNfase2_2026-04-17_23-06-37_bs16_ep50_lr0.0005_optSGD_df0.7_wd0.0001,42,cuda,256,16,50,50,0.0005,SGD,0.7,0.0001,False,10,0.99007,18,0.988149,0.036694,2469.3598,0.988796,0.988818,0.988799,0.988796,C:\tcc mesonet\experiments\cnn_baseline\imagensCNNfase2\imagensCNNfase2_2026-04-17_23-06-37_bs16_ep50_lr0.0005_optSGD_df0.7_wd0.0001\best_model.pt,C:\tcc mesonet\experiments\cnn_baseline\imagensCNNfase2\imagensCNNfase2_2026-04-17_23-06-37_bs16_ep50_lr0.0005_optSGD_df0.7_wd0.0001\metrics.json,imagensCNNfase2,imagensCNNfase2_2026-04-17_23-06-37_bs16_ep50_lr0.0005_optSGD_df0.7_wd0.0001
imagensCNNfase1_1_2026-04-17_12-18-58_bs32_ep50_lr0.0005_optAdam_df0.5_wd0.0001,C:\tcc mesonet\experiments\cnn_baseline\imagensCNNfase1_1\imagensCNNfase1_1_2026-04-17_12-18-58_bs32_ep50_lr0.0005_optAdam_df0.5_wd0.0001,42,cuda,256,32,50,50,0.0005,Adam,0.5,0.0001,False,10,0.98911,35,0.986547,0.038928,3065.1287,0.988796,0.988823,0.988794,0.988796,C:\tcc mesonet\experiments\cnn_baseline\imagensCNNfase1_1\imagensCNNfase1_1_2026-04-17_12-18-58_bs32_ep50_lr0.0005_optAdam_df0.5_wd0.0001\best_model.pt,C:\tcc mesonet\experiments\cnn_baseline\imagensCNNfase1_1\imagensCNNfase1_1_2026-04-17_12-18-58_bs32_ep50_lr0.0005_optAdam_df0.5_wd0.0001\metrics.json,imagensCNNfase1_1,imagensCNNfase1_1_2026-04-17_12-18-58_bs32_ep50_lr0.0005_optAdam_df0.5_wd0.0001
imagensCNNfase5_2026-04-21_16-53-51_bs16_ep50_lr0.0005_optAdamW_df0.6_wd0.0001,C:\tcc mesonet\experiments\cnn_baseline\imagensCNNfase5\imagensCNNfase5_2026-04-21_16-53-51_bs16_ep50_lr0.0005_optAdamW_df0.6_wd0.0001,42,cuda,256,16,50,50,0.0005,AdamW,0.6,0.0001,False,10,0.990391,41,0.97886,0.093492,2676.7623,0.988796,0.9888,0.988797,0.988796,C:\tcc mesonet\experiments\cnn_baseline\imagensCNNfase5\imagensCNNfase5_2026-04-21_16-53-51_bs16_ep50_lr0.0005_optAdamW_df0.6_wd0.0001\best_model.pt,C:\tcc mesonet\experiments\cnn_baseline\imagensCNNfase5\imagensCNNfase5_2026-04-21_16-53-51_bs16_ep50_lr0.0005_optAdamW_df0.6_wd0.0001\metrics.json,imagensCNNfase5,imagensCNNfase5_2026-04-21_16-53-51_bs16_ep50_lr0.0005_optAdamW_df0.6_wd0.0001
imagensCNNfase5_2026-04-22_01-29-19_bs16_ep50_lr0.0007_optAdamW_df0.6_wd0.0001,C:\tcc mesonet\experiments\cnn_baseline\imagensCNNfase5\imagensCNNfase5_2026-04-22_01-29-19_bs16_ep50_lr0.0007_optAdamW_df0.6_wd0.0001,42,cuda,256,16,50,50,0.0007,AdamW,0.6,0.0001,False,10,0.98911,28,0.986867,0.05946,2553.8373,0.988796,0.988823,0.988794,0.988796,C:\tcc mesonet\experiments\cnn_baseline\imagensCNNfase5\imagensCNNfase5_2026-04-22_01-29-19_bs16_ep50_lr0.0007_optAdamW_df0.6_wd0.0001\best_model.pt,C:\tcc mesonet\experiments\cnn_baseline\imagensCNNfase5\imagensCNNfase5_2026-04-22_01-29-19_bs16_ep50_lr0.0007_optAdamW_df0.6_wd0.0001\metrics.json,imagensCNNfase5,imagensCNNfase5_2026-04-22_01-29-19_bs16_ep50_lr0.0007_optAdamW_df0.6_wd0.0001
imagensCNNfase1_1_2026-04-17_13-51-20_bs32_ep50_lr0.0005_optAdamW_df0.5_wd0.0001,C:\tcc mesonet\experiments\cnn_baseline\imagensCNNfase1_1\imagensCNNfase1_1_2026-04-17_13-51-20_bs32_ep50_lr0.0005_optAdamW_df0.5_wd0.0001,42,cuda,256,32,50,50,0.0005,AdamW,0.5,0.0001,False,10,0.990711,46,0.988789,0.032087,2493.4762,0.988796,0.988802,0.988795,0.988796,C:\tcc mesonet\experiments\cnn_baseline\imagensCNNfase1_1\imagensCNNfase1_1_2026-04-17_13-51-20_bs32_ep50_lr0.0005_optAdamW_df0.5_wd0.0001\best_model.pt,C:\tcc mesonet\experiments\cnn_baseline\imagensCNNfase1_1\imagensCNNfase1_1_2026-04-17_13-51-20_bs32_ep50_lr0.0005_optAdamW_df0.5_wd0.0001\metrics.json,imagensCNNfase1_1,imagensCNNfase1_1_2026-04-17_13-51-20_bs32_ep50_lr0.0005_optAdamW_df0.5_wd0.0001
imagensCNNfase5_2026-04-21_13-47-43_bs16_ep50_lr0.0005_optAdam_df0.6_wd0.0001,C:\tcc mesonet\experiments\cnn_baseline\imagensCNNfase5\imagensCNNfase5_2026-04-21_13-47-43_bs16_ep50_lr0.0005_optAdam_df0.6_wd0.0001,42,cuda,256,16,50,50,0.0005,Adam,0.6,0.0001,False,10,0.98911,46,0.987508,0.040134,2535.7434,0.988476,0.988513,0.988479,0.988476,C:\tcc mesonet\experiments\cnn_baseline\imagensCNNfase5\imagensCNNfase5_2026-04-21_13-47-43_bs16_ep50_lr0.0005_optAdam_df0.6_wd0.0001\best_model.pt,C:\tcc mesonet\experiments\cnn_baseline\imagensCNNfase5\imagensCNNfase5_2026-04-21_13-47-43_bs16_ep50_lr0.0005_optAdam_df0.6_wd0.0001\metrics.json,imagensCNNfase5,imagensCNNfase5_2026-04-21_13-47-43_bs16_ep50_lr0.0005_optAdam_df0.6_wd0.0001
imagensCNNfase4_2026-04-20_16-03-40_bs16_ep100_lr0.0003_optSGD_df0.7_wd1e-05,C:\tcc mesonet\experiments\cnn_baseline\imagensCNNfase4\imagensCNNfase4_2026-04-20_16-03-40_bs16_ep100_lr0.0003_optSGD_df0.7_wd1e-05,42,cuda,256,16,100,100,0.0003,SGD,0.7,1e-05,False,10,0.99007,66,0.987188,0.048555,4960.4646,0.988476,0.988498,0.988474,0.988476,C:\tcc mesonet\experiments\cnn_baseline\imagensCNNfase4\imagensCNNfase4_2026-04-20_16-03-40_bs16_ep100_lr0.0003_optSGD_df0.7_wd1e-05\best_model.pt,C:\tcc mesonet\experiments\cnn_baseline\imagensCNNfase4\imagensCNNfase4_2026-04-20_16-03-40_bs16_ep100_lr0.0003_optSGD_df0.7_wd1e-05\metrics.json,imagensCNNfase4,imagensCNNfase4_2026-04-20_16-03-40_bs16_ep100_lr0.0003_optSGD_df0.7_wd1e-05
imagensCNNfase2_2026-04-17_20-22-35_bs16_ep50_lr0.0005_optSGD_df0.5_wd0.0,C:\tcc mesonet\experiments\cnn_baseline\imagensCNNfase2\imagensCNNfase2_2026-04-17_20-22-35_bs16_ep50_lr0.0005_optSGD_df0.5_wd0.0,42,cuda,256,16,50,50,0.0005,SGD,0.5,0.0,False,10,0.990391,25,0.987508,0.040357,2440.4727,0.988476,0.988531,0.988473,0.988476,C:\tcc mesonet\experiments\cnn_baseline\imagensCNNfase2\imagensCNNfase2_2026-04-17_20-22-35_bs16_ep50_lr0.0005_optSGD_df0.5_wd0.0\best_model.pt,C:\tcc mesonet\experiments\cnn_baseline\imagensCNNfase2\imagensCNNfase2_2026-04-17_20-22-35_bs16_ep50_lr0.0005_optSGD_df0.5_wd0.0\metrics.json,imagensCNNfase2,imagensCNNfase2_2026-04-17_20-22-35_bs16_ep50_lr0.0005_optSGD_df0.5_wd0.0
imagensCNNfase2_2026-04-17_23-47-52_bs16_ep50_lr0.0005_optSGD_df0.7_wd0.0005,C:\tcc mesonet\experiments\cnn_baseline\imagensCNNfase2\imagensCNNfase2_2026-04-17_23-47-52_bs16_ep50_lr0.0005_optSGD_df0.7_wd0.0005,42,cuda,256,16,50,50,0.0005,SGD,0.7,0.0005,False,10,0.99007,36,0.98911,0.030507,2467.0785,0.988476,0.988531,0.988473,0.988476,C:\tcc mesonet\experiments\cnn_baseline\imagensCNNfase2\imagensCNNfase2_2026-04-17_23-47-52_bs16_ep50_lr0.0005_optSGD_df0.7_wd0.0005\best_model.pt,C:\tcc mesonet\experiments\cnn_baseline\imagensCNNfase2\imagensCNNfase2_2026-04-17_23-47-52_bs16_ep50_lr0.0005_optSGD_df0.7_wd0.0005\metrics.json,imagensCNNfase2,imagensCNNfase2_2026-04-17_23-47-52_bs16_ep50_lr0.0005_optSGD_df0.7_wd0.0005
imagensCNNfase4_2026-04-21_07-13-00_bs16_ep100_lr0.0007_optSGD_df0.7_wd0.0,C:\tcc mesonet\experiments\cnn_baseline\imagensCNNfase4\imagensCNNfase4_2026-04-21_07-13-00_bs16_ep100_lr0.0007_optSGD_df0.7_wd0.0,42,cuda,256,16,100,100,0.0007,SGD,0.7,0.0,False,10,0.99007,73,0.988149,0.042834,4927.4855,0.988476,0.988477,0.988476,0.988476,C:\tcc mesonet\experiments\cnn_baseline\imagensCNNfase4\imagensCNNfase4_2026-04-21_07-13-00_bs16_ep100_lr0.0007_optSGD_df0.7_wd0.0\best_model.pt,C:\tcc mesonet\experiments\cnn_baseline\imagensCNNfase4\imagensCNNfase4_2026-04-21_07-13-00_bs16_ep100_lr0.0007_optSGD_df0.7_wd0.0\metrics.json,imagensCNNfase4,imagensCNNfase4_2026-04-21_07-13-00_bs16_ep100_lr0.0007_optSGD_df0.7_wd0.0
imagensCNNfase5_2026-04-21_15-12-08_bs16_ep50_lr0.0005_optAdam_df0.7_wd0.0001,C:\tcc mesonet\experiments\cnn_baseline\imagensCNNfase5\imagensCNNfase5_2026-04-21_15-12-08_bs16_ep50_lr0.0005_optAdam_df0.7_wd0.0001,42,cuda,256,16,50,50,0.0005,Adam,0.7,0.0001,False,10,0.987828,23,0.984305,0.042227,3502.9702,0.988476,0.988662,0.98847,0.988475,C:\tcc mesonet\experiments\cnn_baseline\imagensCNNfase5\imagensCNNfase5_2026-04-21_15-12-08_bs16_ep50_lr0.0005_optAdam_df0.7_wd0.0001\best_model.pt,C:\tcc mesonet\experiments\cnn_baseline\imagensCNNfase5\imagensCNNfase5_2026-04-21_15-12-08_bs16_ep50_lr0.0005_optAdam_df0.7_wd0.0001\metrics.json,imagensCNNfase5,imagensCNNfase5_2026-04-21_15-12-08_bs16_ep50_lr0.0005_optAdam_df0.7_wd0.0001
imagensCNNfase4_2026-04-20_09-10-38_bs16_ep50_lr0.0007_optSGD_df0.7_wd1e-05,C:\tcc mesonet\experiments\cnn_baseline\imagensCNNfase4\imagensCNNfase4_2026-04-20_09-10-38_bs16_ep50_lr0.0007_optSGD_df0.7_wd1e-05,42,cuda,256,16,50,50,0.0007,SGD,0.7,1e-05,False,10,0.98911,21,0.987508,0.02978,2484.0203,0.988156,0.988193,0.988154,0.988156,C:\tcc mesonet\experiments\cnn_baseline\imagensCNNfase4\imagensCNNfase4_2026-04-20_09-10-38_bs16_ep50_lr0.0007_optSGD_df0.7_wd1e-05\best_model.pt,C:\tcc mesonet\experiments\cnn_baseline\imagensCNNfase4\imagensCNNfase4_2026-04-20_09-10-38_bs16_ep50_lr0.0007_optSGD_df0.7_wd1e-05\metrics.json,imagensCNNfase4,imagensCNNfase4_2026-04-20_09-10-38_bs16_ep50_lr0.0007_optSGD_df0.7_wd1e-05
imagensCNNfase4_2026-04-20_14-40-57_bs16_ep100_lr0.0003_optSGD_df0.7_wd0.0,C:\tcc mesonet\experiments\cnn_baseline\imagensCNNfase4\imagensCNNfase4_2026-04-20_14-40-57_bs16_ep100_lr0.0003_optSGD_df0.7_wd0.0,42,cuda,256,16,100,100,0.0003,SGD,0.7,0.0,False,10,0.98975,80,0.988469,0.056274,4956.8577,0.988156,0.988217,0.988153,0.988156,C:\tcc mesonet\experiments\cnn_baseline\imagensCNNfase4\imagensCNNfase4_2026-04-20_14-40-57_bs16_ep100_lr0.0003_optSGD_df0.7_wd0.0\best_model.pt,C:\tcc mesonet\experiments\cnn_baseline\imagensCNNfase4\imagensCNNfase4_2026-04-20_14-40-57_bs16_ep100_lr0.0003_optSGD_df0.7_wd0.0\metrics.json,imagensCNNfase4,imagensCNNfase4_2026-04-20_14-40-57_bs16_ep100_lr0.0003_optSGD_df0.7_wd0.0
imagensCNNfase1_2026-04-16_20-50-58_bs16_ep50_lr0.0001_optAdamW_df0.5_wd0.0001,C:\tcc mesonet\experiments\cnn_baseline\imagensCNNfase1\imagensCNNfase1_2026-04-16_20-50-58_bs16_ep50_lr0.0001_optAdamW_df0.5_wd0.0001,42,cuda,256,16,50,50,0.0001,AdamW,0.5,0.0001,False,10,0.98943,17,0.987188,0.043396,2522.3575,0.988156,0.988267,0.988151,0.988155,C:\tcc mesonet\experiments\cnn_baseline\imagensCNNfase1\imagensCNNfase1_2026-04-16_20-50-58_bs16_ep50_lr0.0001_optAdamW_df0.5_wd0.0001\best_model.pt,C:\tcc mesonet\experiments\cnn_baseline\imagensCNNfase1\imagensCNNfase1_2026-04-16_20-50-58_bs16_ep50_lr0.0001_optAdamW_df0.5_wd0.0001\metrics.json,imagensCNNfase1,imagensCNNfase1_2026-04-16_20-50-58_bs16_ep50_lr0.0001_optAdamW_df0.5_wd0.0001
imagensCNNfase1_2026-04-16_15-14-48_bs16_ep50_lr0.001_optAdamW_df0.5_wd0.0001,C:\tcc mesonet\experiments\cnn_baseline\imagensCNNfase1\imagensCNNfase1_2026-04-16_15-14-48_bs16_ep50_lr0.001_optAdamW_df0.5_wd0.0001,42,cuda,256,16,50,50,0.001,AdamW,0.5,0.0001,False,10,0.988469,34,0.986547,0.058426,2520.8219,0.987836,0.987956,0.987831,0.987835,C:\tcc mesonet\experiments\cnn_baseline\imagensCNNfase1\imagensCNNfase1_2026-04-16_15-14-48_bs16_ep50_lr0.001_optAdamW_df0.5_wd0.0001\best_model.pt,C:\tcc mesonet\experiments\cnn_baseline\imagensCNNfase1\imagensCNNfase1_2026-04-16_15-14-48_bs16_ep50_lr0.001_optAdamW_df0.5_wd0.0001\metrics.json,imagensCNNfase1,imagensCNNfase1_2026-04-16_15-14-48_bs16_ep50_lr0.001_optAdamW_df0.5_wd0.0001
imagensCNNfase5_2026-04-21_23-21-28_bs16_ep50_lr0.0007_optAdam_df0.7_wd0.0,C:\tcc mesonet\experiments\cnn_baseline\imagensCNNfase5\imagensCNNfase5_2026-04-21_23-21-28_bs16_ep50_lr0.0007_optAdam_df0.7_wd0.0,42,cuda,256,16,50,50,0.0007,Adam,0.7,0.0,False,10,0.98943,23,0.988469,0.048351,2548.3384,0.987196,0.987238,0.987193,0.987196,C:\tcc mesonet\experiments\cnn_baseline\imagensCNNfase5\imagensCNNfase5_2026-04-21_23-21-28_bs16_ep50_lr0.0007_optAdam_df0.7_wd0.0\best_model.pt,C:\tcc mesonet\experiments\cnn_baseline\imagensCNNfase5\imagensCNNfase5_2026-04-21_23-21-28_bs16_ep50_lr0.0007_optAdam_df0.7_wd0.0\metrics.json,imagensCNNfase5,imagensCNNfase5_2026-04-21_23-21-28_bs16_ep50_lr0.0007_optAdam_df0.7_wd0.0
imagensCNNfase5_2026-04-22_02-11-59_bs16_ep50_lr0.0007_optAdamW_df0.7_wd0.0,C:\tcc mesonet\experiments\cnn_baseline\imagensCNNfase5\imagensCNNfase5_2026-04-22_02-11-59_bs16_ep50_lr0.0007_optAdamW_df0.7_wd0.0,42,cuda,256,16,50,50,0.0007,AdamW,0.7,0.0,False,10,0.98943,23,0.988469,0.048351,2542.493,0.987196,0.987238,0.987193,0.987196,C:\tcc mesonet\experiments\cnn_baseline\imagensCNNfase5\imagensCNNfase5_2026-04-22_02-11-59_bs16_ep50_lr0.0007_optAdamW_df0.7_wd0.0\best_model.pt,C:\tcc mesonet\experiments\cnn_baseline\imagensCNNfase5\imagensCNNfase5_2026-04-22_02-11-59_bs16_ep50_lr0.0007_optAdamW_df0.7_wd0.0\metrics.json,imagensCNNfase5,imagensCNNfase5_2026-04-22_02-11-59_bs16_ep50_lr0.0007_optAdamW_df0.7_wd0.0
imagensCNNfase2_2026-04-17_18-19-42_bs16_ep50_lr0.0005_optSGD_df0.3_wd0.0,C:\tcc mesonet\experiments\cnn_baseline\imagensCNNfase2\imagensCNNfase2_2026-04-17_18-19-42_bs16_ep50_lr0.0005_optSGD_df0.3_wd0.0,42,cuda,256,16,50,50,0.0005,SGD,0.3,0.0,False,10,0.99007,23,0.988789,0.043385,2435.5569,0.986876,0.986894,0.986874,0.986876,C:\tcc mesonet\experiments\cnn_baseline\imagensCNNfase2\imagensCNNfase2_2026-04-17_18-19-42_bs16_ep50_lr0.0005_optSGD_df0.3_wd0.0\best_model.pt,C:\tcc mesonet\experiments\cnn_baseline\imagensCNNfase2\imagensCNNfase2_2026-04-17_18-19-42_bs16_ep50_lr0.0005_optSGD_df0.3_wd0.0\metrics.json,imagensCNNfase2,imagensCNNfase2_2026-04-17_18-19-42_bs16_ep50_lr0.0005_optSGD_df0.3_wd0.0
imagensCNNfase1_1_2026-04-17_17-19-42_bs32_ep50_lr0.0001_optRMSprop_df0.5_wd0.0001,C:\tcc mesonet\experiments\cnn_baseline\imagensCNNfase1_1\imagensCNNfase1_1_2026-04-17_17-19-42_bs32_ep50_lr0.0001_optRMSprop_df0.5_wd0.0001,42,cuda,256,32,50,50,0.0001,RMSprop,0.5,0.0001,False,10,0.988789,30,0.981422,0.060624,2503.9065,0.986876,0.986944,0.98688,0.986875,C:\tcc mesonet\experiments\cnn_baseline\imagensCNNfase1_1\imagensCNNfase1_1_2026-04-17_17-19-42_bs32_ep50_lr0.0001_optRMSprop_df0.5_wd0.0001\best_model.pt,C:\tcc mesonet\experiments\cnn_baseline\imagensCNNfase1_1\imagensCNNfase1_1_2026-04-17_17-19-42_bs32_ep50_lr0.0001_optRMSprop_df0.5_wd0.0001\metrics.json,imagensCNNfase1_1,imagensCNNfase1_1_2026-04-17_17-19-42_bs32_ep50_lr0.0001_optRMSprop_df0.5_wd0.0001
imagensCNNfase1_2026-04-16_18-02-30_bs16_ep50_lr0.0005_optAdamW_df0.5_wd0.0001,C:\tcc mesonet\experiments\cnn_baseline\imagensCNNfase1\imagensCNNfase1_2026-04-16_18-02-30_bs16_ep50_lr0.0005_optAdamW_df0.5_wd0.0001,42,cuda,256,16,50,50,0.0005,AdamW,0.5,0.0001,False,10,0.99007,49,0.985586,0.051648,2541.7738,0.986556,0.98657,0.986554,0.986556,C:\tcc mesonet\experiments\cnn_baseline\imagensCNNfase1\imagensCNNfase1_2026-04-16_18-02-30_bs16_ep50_lr0.0005_optAdamW_df0.5_wd0.0001\best_model.pt,C:\tcc mesonet\experiments\cnn_baseline\imagensCNNfase1\imagensCNNfase1_2026-04-16_18-02-30_bs16_ep50_lr0.0005_optAdamW_df0.5_wd0.0001\metrics.json,imagensCNNfase1,imagensCNNfase1_2026-04-16_18-02-30_bs16_ep50_lr0.0005_optAdamW_df0.5_wd0.0001
imagensCNNfase5_2026-04-22_02-54-27_bs16_ep50_lr0.0007_optAdamW_df0.7_wd0.0001,C:\tcc mesonet\experiments\cnn_baseline\imagensCNNfase5\imagensCNNfase5_2026-04-22_02-54-27_bs16_ep50_lr0.0007_optAdamW_df0.7_wd0.0001,42,cuda,256,16,50,50,0.0007,AdamW,0.7,0.0001,False,10,0.988149,37,0.986227,0.055294,2557.3334,0.986556,0.986587,0.986553,0.986555,C:\tcc mesonet\experiments\cnn_baseline\imagensCNNfase5\imagensCNNfase5_2026-04-22_02-54-27_bs16_ep50_lr0.0007_optAdamW_df0.7_wd0.0001\best_model.pt,C:\tcc mesonet\experiments\cnn_baseline\imagensCNNfase5\imagensCNNfase5_2026-04-22_02-54-27_bs16_ep50_lr0.0007_optAdamW_df0.7_wd0.0001\metrics.json,imagensCNNfase5,imagensCNNfase5_2026-04-22_02-54-27_bs16_ep50_lr0.0007_optAdamW_df0.7_wd0.0001
imagensCNNfase5_2026-04-21_21-56-08_bs16_ep50_lr0.0007_optAdam_df0.6_wd0.0,C:\tcc mesonet\experiments\cnn_baseline\imagensCNNfase5\imagensCNNfase5_2026-04-21_21-56-08_bs16_ep50_lr0.0007_optAdam_df0.6_wd0.0,42,cuda,256,16,50,50,0.0007,Adam,0.6,0.0,False,10,0.988789,49,0.986227,0.052748,2542.2591,0.986556,0.986578,0.986554,0.986555,C:\tcc mesonet\experiments\cnn_baseline\imagensCNNfase5\imagensCNNfase5_2026-04-21_21-56-08_bs16_ep50_lr0.0007_optAdam_df0.6_wd0.0\best_model.pt,C:\tcc mesonet\experiments\cnn_baseline\imagensCNNfase5\imagensCNNfase5_2026-04-21_21-56-08_bs16_ep50_lr0.0007_optAdam_df0.6_wd0.0\metrics.json,imagensCNNfase5,imagensCNNfase5_2026-04-21_21-56-08_bs16_ep50_lr0.0007_optAdam_df0.6_wd0.0
imagensCNNfase5_2026-04-22_00-46-50_bs16_ep50_lr0.0007_optAdamW_df0.6_wd0.0,C:\tcc mesonet\experiments\cnn_baseline\imagensCNNfase5\imagensCNNfase5_2026-04-22_00-46-50_bs16_ep50_lr0.0007_optAdamW_df0.6_wd0.0,42,cuda,256,16,50,50,0.0007,AdamW,0.6,0.0,False,10,0.988789,49,0.986227,0.052748,2543.3439,0.986556,0.986578,0.986554,0.986555,C:\tcc mesonet\experiments\cnn_baseline\imagensCNNfase5\imagensCNNfase5_2026-04-22_00-46-50_bs16_ep50_lr0.0007_optAdamW_df0.6_wd0.0\best_model.pt,C:\tcc mesonet\experiments\cnn_baseline\imagensCNNfase5\imagensCNNfase5_2026-04-22_00-46-50_bs16_ep50_lr0.0007_optAdamW_df0.6_wd0.0\metrics.json,imagensCNNfase5,imagensCNNfase5_2026-04-22_00-46-50_bs16_ep50_lr0.0007_optAdamW_df0.6_wd0.0
imagensCNNfase1_1_2026-04-17_10-53-07_bs32_ep50_lr0.001_optAdamW_df0.5_wd0.0001,C:\tcc mesonet\experiments\cnn_baseline\imagensCNNfase1_1\imagensCNNfase1_1_2026-04-17_10-53-07_bs32_ep50_lr0.001_optAdamW_df0.5_wd0.0001,42,cuda,256,32,50,50,0.001,AdamW,0.5,0.0001,False,10,0.991031,34,0.985906,0.073393,2639.9885,0.986556,0.986675,0.986551,0.986555,C:\tcc mesonet\experiments\cnn_baseline\imagensCNNfase1_1\imagensCNNfase1_1_2026-04-17_10-53-07_bs32_ep50_lr0.001_optAdamW_df0.5_wd0.0001\best_model.pt,C:\tcc mesonet\experiments\cnn_baseline\imagensCNNfase1_1\imagensCNNfase1_1_2026-04-17_10-53-07_bs32_ep50_lr0.001_optAdamW_df0.5_wd0.0001\metrics.json,imagensCNNfase1_1,imagensCNNfase1_1_2026-04-17_10-53-07_bs32_ep50_lr0.001_optAdamW_df0.5_wd0.0001
imagensCNNfase1_2026-04-16_13-51-10_bs16_ep50_lr0.001_optAdam_df0.5_wd0.0001,C:\tcc mesonet\experiments\cnn_baseline\imagensCNNfase1\imagensCNNfase1_2026-04-16_13-51-10_bs16_ep50_lr0.001_optAdam_df0.5_wd0.0001,42,cuda,256,16,50,50,0.001,Adam,0.5,0.0001,False,10,0.985586,40,0.974375,0.087992,2534.3549,0.986236,0.986253,0.986234,0.986235,C:\tcc mesonet\experiments\cnn_baseline\imagensCNNfase1\imagensCNNfase1_2026-04-16_13-51-10_bs16_ep50_lr0.001_optAdam_df0.5_wd0.0001\best_model.pt,C:\tcc mesonet\experiments\cnn_baseline\imagensCNNfase1\imagensCNNfase1_2026-04-16_13-51-10_bs16_ep50_lr0.001_optAdam_df0.5_wd0.0001\metrics.json,imagensCNNfase1,imagensCNNfase1_2026-04-16_13-51-10_bs16_ep50_lr0.001_optAdam_df0.5_wd0.0001
imagensCNNfase5_2026-04-21_22-38-36_bs16_ep50_lr0.0007_optAdam_df0.6_wd0.0001,C:\tcc mesonet\experiments\cnn_baseline\imagensCNNfase5\imagensCNNfase5_2026-04-21_22-38-36_bs16_ep50_lr0.0007_optAdam_df0.6_wd0.0001,42,cuda,256,16,50,50,0.0007,Adam,0.6,0.0001,False,10,0.988469,36,0.986867,0.040108,2566.2562,0.985915,0.986016,0.985911,0.985915,C:\tcc mesonet\experiments\cnn_baseline\imagensCNNfase5\imagensCNNfase5_2026-04-21_22-38-36_bs16_ep50_lr0.0007_optAdam_df0.6_wd0.0001\best_model.pt,C:\tcc mesonet\experiments\cnn_baseline\imagensCNNfase5\imagensCNNfase5_2026-04-21_22-38-36_bs16_ep50_lr0.0007_optAdam_df0.6_wd0.0001\metrics.json,imagensCNNfase5,imagensCNNfase5_2026-04-21_22-38-36_bs16_ep50_lr0.0007_optAdam_df0.6_wd0.0001
imagensCNNfase4_2026-04-20_02-57-05_bs16_ep50_lr0.0005_optSGD_df0.6_wd1e-05,C:\tcc mesonet\experiments\cnn_baseline\imagensCNNfase4\imagensCNNfase4_2026-04-20_02-57-05_bs16_ep50_lr0.0005_optSGD_df0.6_wd1e-05,42,cuda,256,16,50,50,0.0005,SGD,0.6,1e-05,False,10,0.990711,44,0.988149,0.042799,2488.4223,0.985595,0.985604,0.985597,0.985595,C:\tcc mesonet\experiments\cnn_baseline\imagensCNNfase4\imagensCNNfase4_2026-04-20_02-57-05_bs16_ep50_lr0.0005_optSGD_df0.6_wd1e-05\best_model.pt,C:\tcc mesonet\experiments\cnn_baseline\imagensCNNfase4\imagensCNNfase4_2026-04-20_02-57-05_bs16_ep50_lr0.0005_optSGD_df0.6_wd1e-05\metrics.json,imagensCNNfase4,imagensCNNfase4_2026-04-20_02-57-05_bs16_ep50_lr0.0005_optSGD_df0.6_wd1e-05
imagensCNNfase4_2026-04-20_20-11-13_bs16_ep100_lr0.0005_optSGD_df0.6_wd1e-05,C:\tcc mesonet\experiments\cnn_baseline\imagensCNNfase4\imagensCNNfase4_2026-04-20_20-11-13_bs16_ep100_lr0.0005_optSGD_df0.6_wd1e-05,42,cuda,256,16,100,100,0.0005,SGD,0.6,1e-05,False,10,0.990711,44,0.987828,0.058079,4947.8202,0.985595,0.985604,0.985597,0.985595,C:\tcc mesonet\experiments\cnn_baseline\imagensCNNfase4\imagensCNNfase4_2026-04-20_20-11-13_bs16_ep100_lr0.0005_optSGD_df0.6_wd1e-05\best_model.pt,C:\tcc mesonet\experiments\cnn_baseline\imagensCNNfase4\imagensCNNfase4_2026-04-20_20-11-13_bs16_ep100_lr0.0005_optSGD_df0.6_wd1e-05\metrics.json,imagensCNNfase4,imagensCNNfase4_2026-04-20_20-11-13_bs16_ep100_lr0.0005_optSGD_df0.6_wd1e-05
cnn_base_interval_10_2026-04-15_17-37-33_bs32_ep50_lr0.001_optAdam_df0.5_wd0.0001,C:\tcc mesonet\experiments\cnn_baseline\base\cnn_base_interval_10_2026-04-15_17-37-33_bs32_ep50_lr0.001_optAdam_df0.5_wd0.0001,42,cuda,256,32,50,30,0.001,Adam,0.5,0.0001,True,10,0.986867,20,0.94779,0.140453,1744.1329,0.985275,0.985276,0.985275,0.985275,C:\tcc mesonet\experiments\cnn_baseline\base\cnn_base_interval_10_2026-04-15_17-37-33_bs32_ep50_lr0.001_optAdam_df0.5_wd0.0001\best_model.pt,C:\tcc mesonet\experiments\cnn_baseline\base\cnn_base_interval_10_2026-04-15_17-37-33_bs32_ep50_lr0.001_optAdam_df0.5_wd0.0001\metrics.json,base,cnn_base_interval_10_2026-04-15_17-37-33_bs32_ep50_lr0.001_optAdam_df0.5_wd0.0001
imagensCNNfase7_2026-04-23_16-53-07_bs16_ep100_lr0.0003_optRMSprop_df0.3_wd0.0,C:\tcc mesonet\experiments\cnn_baseline\imagensCNNfase7\imagensCNNfase7_2026-04-23_16-53-07_bs16_ep100_lr0.0003_optRMSprop_df0.3_wd0.0,42,cuda,256,16,100,100,0.0003,RMSprop,0.3,0.0,False,10,0.986227,26,0.9795,0.215603,5043.7485,0.984635,0.984637,0.984636,0.984635,C:\tcc mesonet\experiments\cnn_baseline\imagensCNNfase7\imagensCNNfase7_2026-04-23_16-53-07_bs16_ep100_lr0.0003_optRMSprop_df0.3_wd0.0\best_model.pt,C:\tcc mesonet\experiments\cnn_baseline\imagensCNNfase7\imagensCNNfase7_2026-04-23_16-53-07_bs16_ep100_lr0.0003_optRMSprop_df0.3_wd0.0\metrics.json,imagensCNNfase7,imagensCNNfase7_2026-04-23_16-53-07_bs16_ep100_lr0.0003_optRMSprop_df0.3_wd0.0
imagensCNNfase1_2026-04-16_21-33-06_bs16_ep50_lr0.0001_optRMSprop_df0.5_wd0.0001,C:\tcc mesonet\experiments\cnn_baseline\imagensCNNfase1\imagensCNNfase1_2026-04-16_21-33-06_bs16_ep50_lr0.0001_optRMSprop_df0.5_wd0.0001,42,cuda,256,16,50,50,0.0001,RMSprop,0.5,0.0001,False,10,0.987828,18,0.985586,0.038342,2538.9978,0.984315,0.984465,0.984309,0.984314,C:\tcc mesonet\experiments\cnn_baseline\imagensCNNfase1\imagensCNNfase1_2026-04-16_21-33-06_bs16_ep50_lr0.0001_optRMSprop_df0.5_wd0.0001\best_model.pt,C:\tcc mesonet\experiments\cnn_baseline\imagensCNNfase1\imagensCNNfase1_2026-04-16_21-33-06_bs16_ep50_lr0.0001_optRMSprop_df0.5_wd0.0001\metrics.json,imagensCNNfase1,imagensCNNfase1_2026-04-16_21-33-06_bs16_ep50_lr0.0001_optRMSprop_df0.5_wd0.0001
imagensCNNfase1_1_2026-04-17_14-33-00_bs32_ep50_lr0.0005_optRMSprop_df0.5_wd0.0001,C:\tcc mesonet\experiments\cnn_baseline\imagensCNNfase1_1\imagensCNNfase1_1_2026-04-17_14-33-00_bs32_ep50_lr0.0005_optRMSprop_df0.5_wd0.0001,42,cuda,256,32,50,50,0.0005,RMSprop,0.5,0.0001,False,10,0.981102,49,0.96829,0.119612,2504.6977,0.975352,0.97536,0.975354,0.975352,C:\tcc mesonet\experiments\cnn_baseline\imagensCNNfase1_1\imagensCNNfase1_1_2026-04-17_14-33-00_bs32_ep50_lr0.0005_optRMSprop_df0.5_wd0.0001\best_model.pt,C:\tcc mesonet\experiments\cnn_baseline\imagensCNNfase1_1\imagensCNNfase1_1_2026-04-17_14-33-00_bs32_ep50_lr0.0005_optRMSprop_df0.5_wd0.0001\metrics.json,imagensCNNfase1_1,imagensCNNfase1_1_2026-04-17_14-33-00_bs32_ep50_lr0.0005_optRMSprop_df0.5_wd0.0001
imagensCNNfase1_2026-04-16_18-44-57_bs16_ep50_lr0.0005_optRMSprop_df0.5_wd0.0001,C:\tcc mesonet\experiments\cnn_baseline\imagensCNNfase1\imagensCNNfase1_2026-04-16_18-44-57_bs16_ep50_lr0.0005_optRMSprop_df0.5_wd0.0001,42,cuda,256,16,50,50,0.0005,RMSprop,0.5,0.0001,False,10,0.970211,33,0.95836,0.114941,2535.7311,0.974072,0.974089,0.97407,0.974071,C:\tcc mesonet\experiments\cnn_baseline\imagensCNNfase1\imagensCNNfase1_2026-04-16_18-44-57_bs16_ep50_lr0.0005_optRMSprop_df0.5_wd0.0001\best_model.pt,C:\tcc mesonet\experiments\cnn_baseline\imagensCNNfase1\imagensCNNfase1_2026-04-16_18-44-57_bs16_ep50_lr0.0005_optRMSprop_df0.5_wd0.0001\metrics.json,imagensCNNfase1,imagensCNNfase1_2026-04-16_18-44-57_bs16_ep50_lr0.0005_optRMSprop_df0.5_wd0.0001
imagensCNNfase5_2026-04-21_19-47-13_bs16_ep50_lr0.0005_optRMSprop_df0.6_wd0.0001,C:\tcc mesonet\experiments\cnn_baseline\imagensCNNfase5\imagensCNNfase5_2026-04-21_19-47-13_bs16_ep50_lr0.0005_optRMSprop_df0.6_wd0.0001,42,cuda,256,16,50,50,0.0005,RMSprop,0.6,0.0001,False,10,0.974696,37,0.971172,0.096785,2575.3446,0.973752,0.973757,0.973753,0.973752,C:\tcc mesonet\experiments\cnn_baseline\imagensCNNfase5\imagensCNNfase5_2026-04-21_19-47-13_bs16_ep50_lr0.0005_optRMSprop_df0.6_wd0.0001\best_model.pt,C:\tcc mesonet\experiments\cnn_baseline\imagensCNNfase5\imagensCNNfase5_2026-04-21_19-47-13_bs16_ep50_lr0.0005_optRMSprop_df0.6_wd0.0001\metrics.json,imagensCNNfase5,imagensCNNfase5_2026-04-21_19-47-13_bs16_ep50_lr0.0005_optRMSprop_df0.6_wd0.0001
imagensCNNfase5_2026-04-22_05-45-07_bs16_ep50_lr0.0007_optRMSprop_df0.7_wd0.0001,C:\tcc mesonet\experiments\cnn_baseline\imagensCNNfase5\imagensCNNfase5_2026-04-22_05-45-07_bs16_ep50_lr0.0007_optRMSprop_df0.7_wd0.0001,42,cuda,256,16,50,50,0.0007,RMSprop,0.7,0.0001,False,10,0.962844,50,0.962844,0.120535,2592.1395,0.963188,0.963515,0.96318,0.963181,C:\tcc mesonet\experiments\cnn_baseline\imagensCNNfase5\imagensCNNfase5_2026-04-22_05-45-07_bs16_ep50_lr0.0007_optRMSprop_df0.7_wd0.0001\best_model.pt,C:\tcc mesonet\experiments\cnn_baseline\imagensCNNfase5\imagensCNNfase5_2026-04-22_05-45-07_bs16_ep50_lr0.0007_optRMSprop_df0.7_wd0.0001\metrics.json,imagensCNNfase5,imagensCNNfase5_2026-04-22_05-45-07_bs16_ep50_lr0.0007_optRMSprop_df0.7_wd0.0001
imagensCNNfase1_1_2026-04-17_11-37-13_bs32_ep50_lr0.001_optRMSprop_df0.5_wd0.0001,C:\tcc mesonet\experiments\cnn_baseline\imagensCNNfase1_1\imagensCNNfase1_1_2026-04-17_11-37-13_bs32_ep50_lr0.001_optRMSprop_df0.5_wd0.0001,42,cuda,256,32,50,50,0.001,RMSprop,0.5,0.0001,False,10,0.952594,36,0.86483,0.470368,2499.4562,0.954225,0.954242,0.954223,0.954225,C:\tcc mesonet\experiments\cnn_baseline\imagensCNNfase1_1\imagensCNNfase1_1_2026-04-17_11-37-13_bs32_ep50_lr0.001_optRMSprop_df0.5_wd0.0001\best_model.pt,C:\tcc mesonet\experiments\cnn_baseline\imagensCNNfase1_1\imagensCNNfase1_1_2026-04-17_11-37-13_bs32_ep50_lr0.001_optRMSprop_df0.5_wd0.0001\metrics.json,imagensCNNfase1_1,imagensCNNfase1_1_2026-04-17_11-37-13_bs32_ep50_lr0.001_optRMSprop_df0.5_wd0.0001
imagensCNNfase5_2026-04-22_04-19-45_bs16_ep50_lr0.0007_optRMSprop_df0.6_wd0.0001,C:\tcc mesonet\experiments\cnn_baseline\imagensCNNfase5\imagensCNNfase5_2026-04-22_04-19-45_bs16_ep50_lr0.0007_optRMSprop_df0.6_wd0.0001,42,cuda,256,16,50,50,0.0007,RMSprop,0.6,0.0001,False,10,0.954837,42,0.908712,0.205879,2565.1632,0.952945,0.953047,0.95294,0.952942,C:\tcc mesonet\experiments\cnn_baseline\imagensCNNfase5\imagensCNNfase5_2026-04-22_04-19-45_bs16_ep50_lr0.0007_optRMSprop_df0.6_wd0.0001\best_model.pt,C:\tcc mesonet\experiments\cnn_baseline\imagensCNNfase5\imagensCNNfase5_2026-04-22_04-19-45_bs16_ep50_lr0.0007_optRMSprop_df0.6_wd0.0001\metrics.json,imagensCNNfase5,imagensCNNfase5_2026-04-22_04-19-45_bs16_ep50_lr0.0007_optRMSprop_df0.6_wd0.0001
imagensCNNfase5_2026-04-21_21-12-53_bs16_ep50_lr0.0005_optRMSprop_df0.7_wd0.0001,C:\tcc mesonet\experiments\cnn_baseline\imagensCNNfase5\imagensCNNfase5_2026-04-21_21-12-53_bs16_ep50_lr0.0005_optRMSprop_df0.7_wd0.0001,42,cuda,256,16,50,50,0.0005,RMSprop,0.7,0.0001,False,10,0.555093,7,0.49968,0.693806,2588.6905,0.581306,0.581509,0.581321,0.581071,C:\tcc mesonet\experiments\cnn_baseline\imagensCNNfase5\imagensCNNfase5_2026-04-21_21-12-53_bs16_ep50_lr0.0005_optRMSprop_df0.7_wd0.0001\best_model.pt,C:\tcc mesonet\experiments\cnn_baseline\imagensCNNfase5\imagensCNNfase5_2026-04-21_21-12-53_bs16_ep50_lr0.0005_optRMSprop_df0.7_wd0.0001\metrics.json,imagensCNNfase5,imagensCNNfase5_2026-04-21_21-12-53_bs16_ep50_lr0.0005_optRMSprop_df0.7_wd0.0001
imagensCNNfase1_2026-04-16_15-56-54_bs16_ep50_lr0.001_optRMSprop_df0.5_wd0.0001,C:\tcc mesonet\experiments\cnn_baseline\imagensCNNfase1\imagensCNNfase1_2026-04-16_15-56-54_bs16_ep50_lr0.001_optRMSprop_df0.5_wd0.0001,42,cuda,256,16,50,50,0.001,RMSprop,0.5,0.0001,False,10,0.54196,43,0.505125,1.077158,2526.256,0.53201,0.532031,0.532017,0.531961,C:\tcc mesonet\experiments\cnn_baseline\imagensCNNfase1\imagensCNNfase1_2026-04-16_15-56-54_bs16_ep50_lr0.001_optRMSprop_df0.5_wd0.0001\best_model.pt,C:\tcc mesonet\experiments\cnn_baseline\imagensCNNfase1\imagensCNNfase1_2026-04-16_15-56-54_bs16_ep50_lr0.001_optRMSprop_df0.5_wd0.0001\metrics.json,imagensCNNfase1,imagensCNNfase1_2026-04-16_15-56-54_bs16_ep50_lr0.001_optRMSprop_df0.5_wd0.0001
imagensCNNfase5_2026-04-22_03-37-10_bs16_ep50_lr0.0007_optRMSprop_df0.6_wd0.0,C:\tcc mesonet\experiments\cnn_baseline\imagensCNNfase5\imagensCNNfase5_2026-04-22_03-37-10_bs16_ep50_lr0.0007_optRMSprop_df0.6_wd0.0,42,cuda,256,16,50,50,0.0007,RMSprop,0.6,0.0,False,10,0.504484,1,0.50032,0.69325,2549.7361,0.488476,0.455504,0.488202,0.373143,C:\tcc mesonet\experiments\cnn_baseline\imagensCNNfase5\imagensCNNfase5_2026-04-22_03-37-10_bs16_ep50_lr0.0007_optRMSprop_df0.6_wd0.0\best_model.pt,C:\tcc mesonet\experiments\cnn_baseline\imagensCNNfase5\imagensCNNfase5_2026-04-22_03-37-10_bs16_ep50_lr0.0007_optRMSprop_df0.6_wd0.0\metrics.json,imagensCNNfase5,imagensCNNfase5_2026-04-22_03-37-10_bs16_ep50_lr0.0007_optRMSprop_df0.6_wd0.0
imagensCNNfase5_2026-04-21_19-04-20_bs16_ep50_lr0.0005_optRMSprop_df0.6_wd0.0,C:\tcc mesonet\experiments\cnn_baseline\imagensCNNfase5\imagensCNNfase5_2026-04-21_19-04-20_bs16_ep50_lr0.0005_optRMSprop_df0.6_wd0.0,42,cuda,256,16,50,50,0.0005,RMSprop,0.6,0.0,False,10,0.501922,1,0.50032,0.693477,2566.9952,0.503521,0.56603,0.503832,0.350854,C:\tcc mesonet\experiments\cnn_baseline\imagensCNNfase5\imagensCNNfase5_2026-04-21_19-04-20_bs16_ep50_lr0.0005_optRMSprop_df0.6_wd0.0\best_model.pt,C:\tcc mesonet\experiments\cnn_baseline\imagensCNNfase5\imagensCNNfase5_2026-04-21_19-04-20_bs16_ep50_lr0.0005_optRMSprop_df0.6_wd0.0\metrics.json,imagensCNNfase5,imagensCNNfase5_2026-04-21_19-04-20_bs16_ep50_lr0.0005_optRMSprop_df0.6_wd0.0
imagensCNNfase5_2026-04-21_20-30-14_bs16_ep50_lr0.0005_optRMSprop_df0.7_wd0.0,C:\tcc mesonet\experiments\cnn_baseline\imagensCNNfase5\imagensCNNfase5_2026-04-21_20-30-14_bs16_ep50_lr0.0005_optRMSprop_df0.7_wd0.0,42,cuda,256,16,50,50,0.0005,RMSprop,0.7,0.0,False,10,0.50032,2,0.50032,0.693477,2552.9385,0.50032,0.25016,0.5,0.333476,C:\tcc mesonet\experiments\cnn_baseline\imagensCNNfase5\imagensCNNfase5_2026-04-21_20-30-14_bs16_ep50_lr0.0005_optRMSprop_df0.7_wd0.0\best_model.pt,C:\tcc mesonet\experiments\cnn_baseline\imagensCNNfase5\imagensCNNfase5_2026-04-21_20-30-14_bs16_ep50_lr0.0005_optRMSprop_df0.7_wd0.0\metrics.json,imagensCNNfase5,imagensCNNfase5_2026-04-21_20-30-14_bs16_ep50_lr0.0005_optRMSprop_df0.7_wd0.0
imagensCNNfase5_2026-04-22_05-02-36_bs16_ep50_lr0.0007_optRMSprop_df0.7_wd0.0,C:\tcc mesonet\experiments\cnn_baseline\imagensCNNfase5\imagensCNNfase5_2026-04-22_05-02-36_bs16_ep50_lr0.0007_optRMSprop_df0.7_wd0.0,42,cuda,256,16,50,50,0.0007,RMSprop,0.7,0.0,False,10,0.50032,2,0.50032,0.69325,2544.8197,0.50032,0.25016,0.5,0.333476,C:\tcc mesonet\experiments\cnn_baseline\imagensCNNfase5\imagensCNNfase5_2026-04-22_05-02-36_bs16_ep50_lr0.0007_optRMSprop_df0.7_wd0.0\best_model.pt,C:\tcc mesonet\experiments\cnn_baseline\imagensCNNfase5\imagensCNNfase5_2026-04-22_05-02-36_bs16_ep50_lr0.0007_optRMSprop_df0.7_wd0.0\metrics.json,imagensCNNfase5,imagensCNNfase5_2026-04-22_05-02-36_bs16_ep50_lr0.0007_optRMSprop_df0.7_wd0.0
